Класс,Подкласс 1,Подкласс 2,Подкласс 3,Тип (%%),Наименование,Определение,Источник,Критерии определения подклассов,Код класса по ОКПДТР,Примеры,Примечания,Синонимы,УИН
A,,,,,Служащий,"Работники, которые по характеру своей деятельности действуют в соответствии с принятыми в компании стандартами, правилами и процедурами, регламентами, методиками выполнения того или иного вида работ, обеспечивающие и обслуживающие деятельность руководителей при выработке и реализации ими управленческих решений, выполняющие административно-управленческие функции",Постановление Минтруда России от 21.08.1998 N 37,По группе должностей,,,,,KSI190000002
,AA,,,,Руководитель,"Человек, в трудовые функции которого входит участие в системе управления и в подчинении которого находятся один или более работников, работающих или иных физических лиц",Постановление Минтруда России от 21.08.1998 N 37,По должности,,,,,KSI190000003
,,AAA,,,Директор организации,,,,,,,,KSI190000004
,,,,AAA010,Генеральный директор,,Приказ Росстандарта от 16.05.2025 N 423-ст,,200418,,,,KSI190000005
,,,,AAA020,Директор,,Приказ Росстандарта от 16.05.2025 N 423-ст,,200781,"Управляющий директор
Финансовый директор
Директор по персоналу
Директор по науке",,,KSI190000006
,,AAB,,,Главный бухгалтер,,Приказ Росстандарта от 16.05.2025 N 423-ст,,200468,,,,KSI190000007
,,AAC,,,Главный градостроитель,,Приказ Минздравсоцразвития России от 23.04.2008 N 188,,,,,,KSI190000008
,,,,AAC010,"Главный градостроитель (субъекта Российской Федерации, муниципального образования)",,Приказ Минздравсоцразвития России от 23.04.2008 N 188,,,,,,KSI190000009
,,,,AAC020,Главный градостроитель в организации,,Приказ Минздравсоцразвития России от 23.04.2008 N 188,,,,,,KSI190000010
,,,,AAC030,Главный градостроитель проекта,,Приказ Минздравсоцразвития России от 23.04.2008 N 188 ,,,,,,KSI190000011
,,AAD,,,Главный архитектор,,Приказ Росстандарта от 16.05.2025 N 423-ст,,200462,,,,KSI190000012
,,,,AAD010,Главный ландшафтный архитектор проекта,,Приказ Росстандарта от 16.05.2025 N 423-ст,,200545,,,,KSI190000013
,,,,AAD020,Главный архитектор проекта,,Приказ Росстандарта от 16.05.2025 N 423-ст,,200463,,,,KSI190000014
,,AAE,,,Заведующий,,Постановление Минтруда России от 21.08.1998 N 37,,,,,,KSI190000015
,,,,AAE010,Заведующий конструкторским отделом,,Постановление Минтруда России от 21.08.1998 N 37,,,,,,KSI190000016
,,,,AAE020,Заведующий отделом (бюро) оформления проектных материалов,,Постановление Минтруда России от 21.08.1998 N 37,,,,,,KSI190000017
,,,,AAE030,Заведующий чертежно-копировальным бюро,,Приказ Росстандарта от 16.05.2025 N 423-ст,,200990,,,,KSI190000018
,,AAF,,,Начальник,,Постановление Минтруда России от 21.08.1998 N 37,,,,,,KSI190000019
,,,,AAF010,Начальник отдела,,Приказ Росстандарта от 16.05.2025 N 423-ст,,202486,"Начальник юридического отдела
Начальник отдела кадров
Начальник отдела капитального строительства
Начальник отдела автоматизации и механизации производственных процессов
Начальник отдела комплектации оборудования
Начальник отдела контроля качества
Начальник производственно-технического отдела
Начальник отдела дорожных сооружений
Начальник отдела имущественных отношений
Начальник отдела организации работ по безопасности дорожного движения
Начальник отдела организации работ по содержанию и сохранности автомобильных дорог
Начальник отдела подготовки строительства
Начальник отдела развития и ремонта автомобильных дорог
Начальник отдела размещения государственных заказов
Начальник отдела изысканий (комплексного или по видам изысканий)",,,KSI190000020
,,,,AAF020,Начальник сектора (лаборатории),,Приказ Росстандарта от 16.05.2025 N 423-ст,,202439,,,,KSI190000021
,,,,AAF030,Начальник службы,,Приказ Росстандарта от 16.05.2025 N 423-ст,,202688,Начальник службы качества строительной лаборатории,,,KSI190000022
,,,,AAF040,Начальник участка,,Приказ Росстандарта от 16.05.2025 N 423-ст,,202807,,,,KSI190000023
,,,,AAF050,"Начальник отдела экономического анализа, прогнозирования и планирования",,Приказ Минтруда России от 28.02.2023 N 102н,,,,,,KSI190000573
,,,,AAF060,Начальник отдела мотивации и оплаты труда,,Приказ Минтруда России от 28.02.2023 N 102н,,,,,,KSI190000574
,,,,AAF070,Начальник отдела учетных систем,,Приказ Минтруда России от 28.02.2023 N 102н,,202486,,,,KSI190000575
,,,,AAF080,Начальник отдела налогового контроля,,Приказ Минтруда России от 28.02.2023 N 102н,,,,,,KSI190000576
,,,,AAF090,Начальник отдела по землеустройству,,Приказ Минтруда России от 29.06.2021 N 434н,,,,,,KSI190000577
,,,,AAF100,Начальник отдела в области аэрофотогеодезии,,"
Приказ Минтруда России от 24.03.2022 N 169н",,,,,,KSI190000578
,,,,AAF110,Начальник отдела расчета и проектирования бетонных и железобетонных конструкций зданий и сооружений,,"
Приказ Минтруда России от 19.04.2022 N 222н",,,,,,KSI190000579
,,,,AAF120,Начальник отдела расчета и проектирования деревянных и металлодеревянных конструкций,,"
Приказ Минтруда России от 19.04.2022 N 220н",,,,,,KSI190000580
,,,,AAF130,Начальник отдела расчета и проектирования конструкций из полимерных и композиционных материалов,,"
Приказ Минтруда России от 19.04.2022 N 221н",,,,,,KSI190000581
,,,,AAF140,Начальник отдела расчета и проектирования конструкций из штучных материалов,,"
Приказ Минтруда России от 21.04.2022 N 230н",,,,,,KSI190000582
,,,,AAF150,"Начальник отдела проектирования сетей наружных сетей водоснабжения, водоотведения и канализации",,"
Приказ Минтруда России от 18.04.2022 N 216н",,,,,,KSI190000583
,,,,AAF160,Начальник отдела экспертизы проектной документации и результатов инженерных изысканий,,"
Приказ Минтруда России от 11.10.2021 N 698н",,,,,,KSI190000584
,,,,AAF170,Начальник отдела государственного кадастрового учета,,"
Приказ Минтруда России от 12.10.2021 N 718н",,,,,,KSI190000585
,,,,AAF180,Начальник отдела государственной регистрации прав на объекты недвижимости,,"
Приказ Минтруда России от 12.10.2021 N 718н",,,,,,KSI190000586
,,,,AAF190,Начальник отдела технического заказчика,,"
Приказ Минтруда России от 05.10.2021 N 673н",,,,,,KSI190000587
,,,,AAF200,Начальник отдела инвестиций и реализации проектов,,"
Приказ Минтруда России от 27.04.2023 N 412н",,,,,,KSI190000588
,,,,AAF210,Начальник отдела дорожных сооружений по организации строительства объектов дорожного хозяйства,,"
Приказ Минтруда России от 20.03.2023 N 182н",,,,,,KSI190000589
,,,,AAF220,Начальник отдела по эксплуатации газового оборудования жилых и общественных зданий,,"
Приказ Минтруда России от 17.11.2020 N 806н",,,,,,KSI190000590
,,,,AAF230,Начальник отдела по эксплуатации очистных сооружений водоотведения,,"
Приказ Минтруда России от 26.07.2021 N 508н",,,,,,KSI190000591
,,,,AAF240,Начальник отдела по водным технологиям водоснабжения и водоотведения (акватроник),,"
Приказ Минтруда России от 25.05.2021 N 340н",,,,,,KSI190000592
,,,,AAF250,Начальник отдела по надзору и контролю за соблюдением норм содержания объектов железнодорожной инфраструктуры,,,,,,,,KSI190000593
,,,,AAF260,"Начальник отдела организации проведения ""окон""",,"Распоряжение ОАО ""РЖД""
от 17 августа 2020 г. N 1749/р",,,,,,KSI190000594
,,,,AAF270,"Начальник отдела предоставления ""окон"" и взаимодействия с инфраструктурой",,"Распоряжение ОАО ""РЖД""
от 17 августа 2020 г. N 1749/р",,,,,,KSI190000595
,,,,AAF280,"Начальник отдела разработки и предоставления ""окон""",,"Распоряжение ОАО ""РЖД""
от 17 августа 2020 г. N 1749/р",,,,,,KSI190000596
,,,,AAF290,Начальник отдела охраны труда,,"
Приказ Минтруда России от 22.04.2021 N 274н",,,,,,KSI190000597
,,,,AAF300,Начальник отдела маркетинга,,"
Приказ Минтруда России от 08.11.2023 N 790н",,,,,,KSI190000598
,,,,AAF310,Начальник отдела по связям с общественностью,,"
 Приказ Минтруда России от 08.11.2023 N 790н",,,,,,KSI190000599
,,,,AAF320,Начальник отдела сбыта,,"
 Приказ Минтруда России от 08.11.2023 N 790н",,,,,,KSI190000600
,,,,AAF330,Начальник отдела транспортной логистики,,"
Приказ Минтруда России от 08.09.2014 N 616н",,,,,,KSI190000601
,,,,AAF340,Начальник отдела логистики в сфере обращения с отходами,,"
Приказ Минтруда России от 27.10.2020 N 749н",,,,,,KSI190000602
,,,,AAF350,Начальник отдела по развитию агломерационной транспортной мобильности,,"
Приказ Минтруда России от 25.04.2023 N 325н",,,,,,KSI190000603
,,,,AAF360,Начальник отдела по метрологии,,"
Приказ Минтруда России от 21.04.2022 N 229н",,,,,,KSI190000604
,,,,AAF370,Начальник отдела производственного контроля в сфере промышленной безопасности,,Приказ Минтруда России от 14.04.2025 N 226н,,,,,,KSI190000605
,,,,AAF380,"Начальник лаборатории автоматики и телемеханики по организации процесса эксплуатации, развития и обеспечения работы устройств и систем железнодорожной автоматики и телемеханики",,"
Приказ Минтруда России от 14.04.2021 N 244н",,,,,,KSI190000606
,,,,AAF390,Начальник электротехнической лаборатории по технической поддержке процесса эксплуатации устройств электрификации и электроснабжения железнодорожного транспорта,,"
Приказ Минтруда России от 15.06.2020 N 334н",,,,,,KSI190000607
,,,,AAF400,"Начальник лаборатории по организации, проведению тягово-энергетических испытаний локомотивов, определению параметров их эксплуатации",,"
Приказ Минтруда России от 31.03.2021 N 195н",,,,,,KSI190000608
,,,,AAF410,"Начальник лаборатории по организации и сопровождению технического обслуживания, ремонта и эксплуатации съемных средств контроля железнодорожного пути",,"
Приказ Минтруда России от 31.03.2021 N 194н",,,,,,KSI190000609
,,,,AAF420,"Начальник лаборатории по технической поддержке процесса эксплуатации, развития и обеспечения работы объектов железнодорожной электросвязи",,"
Приказ Минтруда России от 13.04.2021 N 234н",,,,,,KSI190000610
,,,,AAF430,Начальник вагона-лаборатории испытания контактной сети по технической поддержке процесса эксплуатации устройств электрификации и электроснабжения железнодорожного транспорта,,"
Приказ Минтруда России от 15.06.2020 N 334н",,,,,,KSI190000611
,,,,AAF440,Начальник вагона электротехнической лаборатории по технической поддержке процесса эксплуатации устройств электрификации и электроснабжения железнодорожного транспорта,,"
Приказ Минтруда России от 15.06.2020 N 334н",,,,,,KSI190000612
,,,,AAF450,Начальник лаборатории по защите информации,,"
Приказ Минтруда России от 14.09.2022 N 533н",,,,,,KSI190000613
,,,,AAF460,Начальник (руководитель) научно-исследовательской лаборатории по защите информации в телекоммуникационных системах и сетях,,"
Приказ Минтруда России от 14.09.2022 N 536н",,,,,,KSI190000614
,,,,AAF470,Начальник лаборатории информационных технологий нового поколения,,"
Приказ Минтруда России от 06.07.2020 N 405н",,,,,,KSI190000615
,,,,AAF480,Начальник испытательной лаборатории по неразрушающему контролю,,Приказ Минтруда России от 03.12.2015 N 976н,,,,,,KSI190000616
,,,,AAF490,Начальник полевой испытательной лаборатории по неразрушающему контролю,,Приказ Минтруда России от 03.12.2015 N 976н,,,,,,KSI190000617
,,,,AAF500,Начальник лаборатории по метрологии,,Приказ Минтруда России от 21.04.2022 N 229н,,,,,,KSI190000618
,,,,AAF510,Начальник участка по организации строительства объектов дорожного хозяйства,,"
Приказ Минтруда России от 20.03.2023 N 182н",,,,,,KSI190000621
,,,,AAF520,"Начальник участка по монтажу лифтов, платформ подъемных для инвалидов, эскалаторов",,"
Приказ Минтруда России от 20.03.2018 N 165н",,,,,,KSI190000622
,,,,AAF530,Начальник участка по эксплуатации газового оборудования жилых и общественных зданий,,"
Приказ Минтруда России от 15.09.2020 N 612н",,,,,,KSI190000623
,,,,AAF540,Начальник участка по эксплуатации очистных сооружений водоотведения,,"
Приказ Минтруда России от 17.11.2020 N 806н",,,,,,KSI190000624
,,,,AAF550,Начальник участка по организации эксплуатации водопроводных и канализационных сетей,,"
Приказ Минтруда России от 26.07.2021 N 508н",,,,,,KSI190000625
,,,,AAF560,Начальник участка по эксплуатации насосных станций водопровода,,"
Приказ Минтруда России от 16.09.2022 N 574н",,,,,,KSI190000626
,,,,AAF570,Начальник участка по эксплуатации водозаборных сооружений,,"
Приказ Минтруда России от 16.09.2022 N 574н",,,,,,KSI190000627
,,,,AAF580,Начальник участка по эксплуатации станций водоподготовки,,"
Приказ Минтруда России от 11.04.2014 N 227н",,,,,,KSI190000628
,,,,AAF590,Начальник участка (района) по организации эксплуатации систем коммунального теплоснабжения,,"
Приказ Минтруда России от 18.01.2023 N 23н",,,,,,KSI190000629
,,,,AAF600,Начальник ремонтно-ревизионного участка,,"Распоряжение ОАО ""РЖД""
от 30.01.2023 г. N 170/р
",,,,,,KSI190000630
,,,,AAF610,Начальник ремонтно-технологического участка,,"Распоряжение ОАО ""РЖД""
от 30.01.2023 г. N 170/р
",,,,,,KSI190000631
,,,,AAF620,Начальник участка производства по техническому обслуживанию и ремонту объектов железнодорожной электросвязи,,"
Приказ Минтруда России от 01.04.2024 N 162н",,,,,,KSI190000632
,,,,AAF630,"Начальник участка производства по техническому обслуживанию и ремонту оборудования, устройств и систем электроснабжения (сигнализации, централизации и блокировки) железнодорожного транспорта",,"
Приказ Минтруда России от 02.07.2025 N 415н",,,,,,KSI190000633
,,,,AAF640,"Начальник ремонтно-технологического участка производства по техническому обслуживанию и ремонту оборудования, устройств и систем электроснабжения (сигнализации, централизации и блокировки) железнодорожного транспорта",,"
Приказ Минтруда России от 02.07.2025 N 415н",,,,,,KSI190000634
,,,,AAF650,Начальник ремонтно-ревизионного участка дистанции электроснабжения,,"
Приказ Минтруда России от 02.07.2025 N 415н",,,,,,KSI190000635
,,,,AAF660,Начальник (эксплуатационного) участка пути,,"
Приказ Минтруда России от 11.03.2024 N 98н",,,,,,KSI190000636
,,,,AAF670,Начальник участка производства путевого хозяйства,,"
Приказ Минтруда России от 11.03.2024 N 98н",,,,,,KSI190000637
,,,,AAF680,"Начальник участка производства по организации ремонта, технического обслуживания и изготовления узлов транспортных средств и элементов устройств инфраструктуры, зданий и сооружений железнодорожного транспорта",,"
Приказ Минтруда России от 31.07.2020 N 460н",,,,,,KSI190000638
,,,,AAF690,Начальник участка производства (по техническому обслуживанию и ремонту специального железнодорожного подвижного состава),,"
Приказ Минтруда России от 19.04.2021 N 252н",,,,,,KSI190000639
,,,,AAF700,Начальник участка по обслуживанию и ремонту устройств железнодорожной инфраструктуры,,"
Приказ Минтруда России от 18.01.2019 N 25н",,,,,,KSI190000640
,,,,AAF710,Начальник участка производства по обслуживанию пассажирских обустройств,,"
Приказ Минтруда России от 14.04.2021 N 246н",,,,,,KSI190000641
,,,,AAF720,Начальник участка производства по техническому обслуживанию и текущему ремонту пассажирских обустройств железнодорожного транспорта,,"
Приказ Минтруда России от 14.04.2021 N 246н",,,,,,KSI190000642
,,,,AAF730,Начальник участка производства терминально-складского комплекса железнодорожного транспорта,,"
Приказ Минтруда России от 30.03.2021 N 157н",,,,,,KSI190000643
,,,,AAF740,Начальник участка касс,,"
Приказ Минтруда России от 27.04.2023 N 392н",,,,,,KSI190000644
,,,,AAF750,Начальник участка производства по тепловодоснабжению,,"Распоряжение ОАО ""РЖД"" от 17.08.2020 N 1749р",,,,,,KSI190000645
,,AAG,,,Руководитель группы специалистов,,Приказ Росстандарта от 16.05.2025 N 423-ст,,203338,,,,KSI190000024
,,,,AAG010,Руководитель группы по инвентаризации строений и сооружений,,Приказ Росстандарта от 16.05.2025 N 423-ст,,203339,,,,KSI190000025
,,,,AAG020,Руководитель строительной лаборатории,,Приказ Росстандарта от 16.05.2025 N 423-ст,,202337,,,,KSI190000026
,,,,AAG030,Руководитель экспертной группы,,Постановление Минтруда России от 21.08.1998 N 37,,,,,,KSI190000027
,,,,AAG040,Руководитель проектной группы,,Приказ Росстандарта от 16.05.2025 N 423-ст,,203406,,,,KSI190000028
,,,,AAG050,Руководитель исследовательской лаборатории больших данных информационных технологий нового поколения,,Приказ Минтруда России от 06.07.2020 N 405н,,203355,,,,KSI190000619
,,,,AAG060,Руководитель лаборатории в сфере сварочного производства,,Приказ Минтруда России от 03.12.2015 N 975н,,202270,,,,KSI190000620
,,AAH,,,Главный инженер,,Приказ Росстандарта от 16.05.2025 N 423-ст,,200524,,,,KSI190000029
,,,,AAH010,Главный инженер строительной организации,,Приказ Росстандарта от 16.05.2025 N 423-ст,,200526,,,,KSI190000030
,,,,AAH020,Главный инженер проекта,"Первый заместитель управляющего проектом, который осуществляет связь инвестиционного строительного проекта (ИСП) с рынком проектных и инженерных услуг и с органами экспертизы, надзора и контроля хода реализации ИСП","Постановление Минтруда России от 21.08.1998 N 37
Приказ Минздравсоцразвития России от 23.04.2008 N 188
Приказ Росстандарта от 16.05.2025 N 423-ст",,200527,,Определение синтезировано,,KSI190000031
,,AAJ,,,BIM-менеджер,"Лицо, ответственное за процесс информационного моделирования в рамках проекта информационного моделирования",Приказ Минтруда России от 15.06.2020 N 328н ,,,,Определение синтезировано,,KSI190000032
,,AAK,,,BIM-координатор,"Специалист ведущего отдела, отвечающий за BIM-модель и общую координацию проекта",Приказ Минтруда России от 15.06.2020 N 328н ,,,,Определение синтезировано,,KSI190000033
,,AAL,,,Менеджер строительства,,"Приказ Росстандарта от 16.05.2025 N 423-ст
Приказ Минтруда России от 24.07.2018 N 483н ",,202067,,,,KSI190000034
,,AAM,,,Менеджер проекта,,Постановление Минтруда России от 21.08.1998 N 37,,,,,,KSI190000035
,,AAN,,,Главный технолог строительной организации,,"Приказ Росстандарта от 16.05.2025 N 423-ст
Приказ Минздравсоцразвития России от 23.04.2008 N 188 
",,200617,,,,KSI190000036
,,AAP,,,Главный механик строительной организации,,Приказ Росстандарта от 16.05.2025 N 423-ст,,200555,,,,KSI190000037
,,AAQ,,,Главный энергетик строительной организации,,Приказ Росстандарта от 16.05.2025 N 423-ст,,200652,,,,KSI190000038
,,AAR,,,Главный конструктор проекта,,Приказ Росстандарта от 16.05.2025 N 423-ст,,200539,,,,KSI190000039
,,AAS,,,Главный метролог,,Приказ Росстандарта от 16.05.2025 N 423-ст,,200552,,,,KSI190000040
,,AAT,,,Заместитель директора по капитальному строительству,,Приказ Росстандарта от 16.05.2025 N 423-ст,,200837,,,,KSI190000041
,,AAU,,,Производитель работ (прораб),"Руководитель среднего звена, осуществляющий руководство строительством на своем участке, обеспечивающий выполнение заданий по вводу объектов в эксплуатацию в установленные сроки, организующий производство, обеспечивающий соблюдение технологии производства, ведущий учет выполненных работ, оформляющий техническую документацию, участвующий в сдаче объектов в эксплуатацию, устанавливающий производственные задания по объемам строительно-монтажных и пусконаладочных работ, контролирующий их выполнение, в том числе в процессе эксплуатации объектов",Приказ Росстандарта от 16.05.2025 N 423-ст,,203208,,,,KSI190000042
,,AAV,,,Мастер участка,,Приказ Росстандарта от 16.05.2025 N 423-ст,,202006,,,,KSI190000043
,,AAW,,,Менеджер по информационным технологиям,,ГОСТ Р 10.0.05–2019,,,,,,KSI190000044
,,AAX,,,Менеджер по эксплуатации недвижимости,,ГОСТ Р 10.0.05–2019,,,,,,KSI190000045
,AB,,,,Специалист,"Человек, в трудовые функции которого входит участие в системе управления, но не имеющий в подчинении ни одного работника, работающего или иного физического лица",Постановление Минтруда России от 21.08.1998 N 37,По должности,,,,,KSI190000046
,,ABA,,,Бухгалтер,,Приказ Росстандарта от 16.05.2025 N 423-ст,,200202,,,,KSI190000047
,,ABB,,,Юрисконсульт,,Приказ Росстандарта от 16.05.2025 N 423-ст,,204335,,,,KSI190000048
,,ABC,,,Документовед,,Приказ Росстандарта от 16.05.2025 N 423-ст,,200960,,,,KSI190000049
,,ABD,,,Специалист по кадрам,,"Приказ Росстандарта от 16.05.2025 N 423-ст
Постановление Минтруда России от 21.08.1998 N 37",,203633,,,,KSI190000050
,,ABE,,,Специалист инженерного обеспечения территорий,,Приказ Минздравсоцразвития России от 23.04.2008 N 188,,,,,,KSI190000051
,,ABF,,,Специалист транспортного развития территорий,,"Приказ Росстандарта от 16.05.2025 N 423-ст
Постановление Минтруда России от 21.08.1998 N 37",,203759,,,,KSI190000052
,,ABG,,,Инженер организации,"Специалист, профессионально занимающийся инженерным делом",Постановление Минтруда России от 21.08.1998 N 37,,,,,,KSI190000053
,,,,ABG010,Инженер по охране труда,,Постановление Минтруда России от 21.08.1998 N 37,,,,,,KSI190000054
,,,,ABG020,Инженер,,"Приказ Росстандарта от 16.05.2025 N 423-ст
Постановление Минтруда России от 21.08.1998 N 37",,201294,,,,KSI190000055
,,,,ABG030,Инженер по подготовке кадров,,Приказ Росстандарта от 16.05.2025 N 423-ст,,201397,,,,KSI190000056
,,,,ABG040,Инженер-технолог строительной организации,,"Приказ Росстандарта от 16.05.2025 N 423-ст
Приказ Минздравсоцразвития России от 23.04.2008 N 188",,201562,,,,KSI190000057
,,,,ABG050,Инженер-конструктор,,Приказ Росстандарта от 16.05.2025 N 423-ст,,201524,,,,KSI190000058
,,,,ABG060,Инженер-проектировщик,,Приказ Росстандарта от 16.05.2025 N 423-ст,,201543,,,,KSI190000059
,,,,ABG070,Инженер по качеству,,Приказ Росстандарта от 16.05.2025 N 423-ст,,201353,,,,KSI190000060
,,,,ABG080,Инженер по строительному контролю,,"Приказ Росстандарта от 16.05.2025 N 423-ст
Приказ Минздравсоцразвития России от 23.04.2008 N 188",,201436,,,,KSI190000061
,,,,ABG090,Инженер строительной лаборатории,,Приказ Росстандарта от 16.05.2025 N 423-ст,,201312,,,,KSI190000062
,,,,ABG100,Инженер-сметчик,,Приказ Росстандарта от 16.05.2025 N 423-ст,,201556,,,,KSI190000063
,,ABJ,,,Архитектор,"Специалист в области архитектуры, создающий здания и комплексы зданий, а также города в соответствии с функциональными, конструктивными и эстетическими ",Приказ Росстандарта от 16.05.2025 N 423-ст,,200128,,,,KSI190000064
,,,,ABJ010,Ландшафтный архитектор,,Приказ Росстандарта от 16.05.2025 N 423-ст,,201886,,,,KSI190000065
,,,,ABJ020,Архитектор организации,,Постановление Минтруда России от 21.08.1998 N 37,,,,,,KSI190000066
,,ABK,,,Градостроитель проекта,,Приказ Минздравсоцразвития России от 23.04.2008 N 188,,,,,,KSI190000067
,,ABL,,,Эксперт,,Приказ Росстандарта от 16.05.2025 N 423-ст,,204285,,,,KSI190000068
,,,,ABL010,Строительный эксперт,,Постановление Минтруда России от 21.08.1998 N 37,,,,,,KSI190000069
,,,,ABL020,Эксперт-эколог градостроительства,,Постановление Минтруда России от 21.08.1998 N 37,,,,,,KSI190000070
,,,,ABL030,Эколог градостроительства,,Постановление Минтруда России от 21.08.1998 N 37,,,,,,KSI190000071
,,,,ABL040,Эксперт-социолог градостроительства,,Постановление Минтруда России от 21.08.1998 N 37,,,,,,KSI190000072
,,,,ABL050,Эксперт транспортного развития территорий,,Постановление Минтруда России от 21.08.1998 N 37,,,,,,KSI190000073
,,,,ABL060,Эксперт-экономист градостроительства,,Постановление Минтруда России от 21.08.1998 N 37,,,,,,KSI190000074
,,,,ABL070,Эксперт инженерного обеспечения территории,,Постановление Минтруда России от 21.08.1998 N 37,,,,,,KSI190000075
,,ABM,,,Социолог градостроительства,,Постановление Минтруда России от 21.08.1998 N 37,,,,,,KSI190000076
,,ABN,,,Экономист градостроительства,,Постановление Минтруда России от 21.08.1998 N 37,,,,,,KSI190000077
,,ABP,,,Механик,,Приказ Росстандарта от 16.05.2025 N 423-ст,,202115,,,,KSI190000078
,,ABQ,,,Главный специалист,,Приказ Росстандарта от 16.05.2025 N 423-ст,,,,,,KSI190000079
,,,,ABQ010,Главный специалист в отделе (архитектурно-планировочной мастерской),,"Постановление Минтруда России от 21.08.1998 N 37
Приказ Минздравсоцразвития России от 23.04.2008 N 188",,,,,,KSI190000080
,,,,ABQ020,Главный специалист в отделе инженерных изысканий,,Приказ Минздравсоцразвития России от 23.04.2008 N 188,,,,,,KSI190000081
,,ABR,,,Техник,,Приказ Росстандарта от 16.05.2025 N 423-ст,,203921,,,,KSI190000082
,,,,ABR010,Техник организации,,Постановление Минтруда России от 21.08.1998 N 37,,,,,,KSI190000083
,,,,ABR020,Техник-проектировщик,,Приказ Росстандарта от 16.05.2025 N 423-ст,,27102,,,,KSI190000084
,,ABS,,,Ведущий инженер отдела (комплексного или по видам инженерных изысканий),,Приказ Минздравсоцразвития России от 23.04.2008 N 188,,,,,,KSI190000085
,,ABT,,,Лаборант,,Приказ Росстандарта от 16.05.2025 N 423-ст,,201877,,,,KSI190000086
,,ABU,,,Буровой мастер,,Приказ Росстандарта от 16.05.2025 N 423-ст,,201919,,,,KSI190000087
,,ABV,,,Топограф,,Приказ Росстандарта от 16.05.2025 N 423-ст,,204063,,,,KSI190000088
,,ABW,,,Старший топограф,,Приказ Росстандарта от 16.05.2025 N 423-ст,,204063,,,,KSI190000089
,AC,,,,Технический исполнитель,,Постановление Минтруда России от 21.08.1998 N 37,,,,,,KSI190000090
,,ACA,,,Агент,,"Приказ Росстандарта от 16.05.2025 N 423-ст
Постановление Минтруда России от 21.08.1998 N 37",,200001,,,,KSI190000091
,,,,ACA010,Агент по продаже недвижимости,,Приказ Росстандарта от 16.05.2025 N 423-ст,,200014,,,,KSI190000092
,,,,ACA020,Агент по снабжению,,Приказ Росстандарта от 16.05.2025 N 423-ст,,200016,,,,KSI190000093
,,,,ACA030,Агент по операциям с недвижимостью,,ГОСТ Р 10.0.05–2019,,,,,,KSI190000094
,,,,ACA040,Агент по сдаче в эксплуатацию,,ГОСТ Р 10.0.05–2019,,,,,,KSI190000095
,,ACB,,,Делопроизводитель,,Приказ Росстандарта от 16.05.2025 N 423-ст,,200735,,,,KSI190000096
,,ACC,,,Секретарь руководителя,,Приказ Росстандарта от 16.05.2025 N 423-ст,,203468,,,,KSI190000097
,,ACD,,,Чертежник,,Приказ Росстандарта от 16.05.2025 N 423-ст,,204222,,,,KSI190000098
B,,,,,Рабочий,"Производственный персонал, выполняющий одно или более производственных заданий, обеспечивающих достижение поставленной цели в производственной системе",Единый тарифно-квалификационный справочник работ и профессий рабочих,По специальности,,,,,KSI190000099
,BA,,,,Рабочий земляных работ,,,По специализации,,,,,KSI190000100
,,BAA,,,Землекоп,,Приказ Росстандарта от 16.05.2025 N 423-ст,,101287,,,,KSI190000101
,,BAB,,,Рабочий карты намыва,,Приказ Росстандарта от 16.05.2025 N 423-ст,,104188,,,,KSI190000102
,,BAC,,,Рабочий зеленого строительства,,Приказ Росстандарта от 16.05.2025 N 423-ст,,104186,,,,KSI190000103
,,BAD,,,Проходчик на поверхностных работах,,Приказ Росстандарта от 16.05.2025 N 423-ст,,104172,,,,KSI190000104
,,BAE,,,Бурильщик,,"Приказ Минтруда России от 17.04.2025 N 257н 
Распоряжение РЖД от 30.01.2023 № 170р",,,,,,KSI190000444
,,,,BAE010,Бурильщик шпуров,,Приказ Минтруда России от 17.04.2025 N 257н,,,,,,KSI190000445
,,,,BAE020,Бурильщик капитального ремонта скважин,,Распоряжение РЖД от 30.01.2023 № 170р,,,,,,KSI190000446
,,BAF,,,Горнорабочий,,Приказ Минтруда России от 19.01.2017 N 52н,,,,,,KSI190000447
,,,,BAF010,Горнорабочий на геологических работах,,Приказ Минтруда России от 19.01.2017 N 52н,,,,,,KSI190000448
,,,,BAF020,Горнорабочий на маркшейдерских работах,,Приказ Минтруда России от 19.01.2017 N 52н,,,,,,KSI190000449
,,,,BAF030,Горнорабочий очистного забоя,,Приказ Минтруда России от 19.01.2017 N 52н,,,,,,KSI190000450
,,,,BAF040,Горнорабочий по предупреждению и тушению пожаров,,Приказ Минтруда России от 19.01.2017 N 52н,,,,,,KSI190000451
,,,,BAF050,Горнорабочий по ремонту горных выработок,,Приказ Минтруда России от 19.01.2017 N 52н,,,,,,KSI190000452
,,,,BAF060,Горнорабочий подземный,,Приказ Минтруда России от 19.01.2017 N 52н,,,,,,KSI190000453
,,,,BAF070,Горнорабочий разреза,,Приказ Минтруда России от 19.01.2017 N 52н,,,,,,KSI190000454
,,,,BAF080,"Горнорабочий у экскаваторов, отвальных мостов и отвалообразователей",,Приказ Минтруда России от 19.01.2017 N 52н,,,,,,KSI190000455
,,BAG,,,Дробильщик,,Распоряжение РЖД от 30.01.2023 № 170р,,,,,,KSI190000456
,,BAH,,,Оборщик горных выработок,,Приказ Минтруда России от 17.04.2025 N 257н,,,,,,KSI190000457
,,BAJ,,,Проходчик,,Приказ Минтруда России от 30.01.2023 N 54н,,,,,,KSI190000458
,,BAK,,,Проходчик подземный,,Приказ Минтруда России от 15.06.2020 N 340н,,,,,,KSI190000459
,BB,,,,Рабочий по производству и укладке бетонных смесей и растворов,,,По специализации,,,,,KSI190000105
,,BBA,,,Бетонщик,,Приказ Росстандарта от 16.05.2025 N 423-ст,,100663,,,,KSI190000106
,,BBB,,,Цементатор,,Приказ Росстандарта от 16.05.2025 N 423-ст,,105314,,,,KSI190000107
,,BBC,,,Известегасильщик,,Приказ Росстандарта от 16.05.2025 N 423-ст,,101294,,,,KSI190000108
,BC,,,,Рабочий по устройству каменных конструкций,,,По специализации,,,,,KSI190000109
,,BCA,,,Каменщик,,Приказ Росстандарта от 16.05.2025 N 423-ст,,101523,,,,KSI190000110
,,BCB,,,Печник,,Приказ Росстандарта от 16.05.2025 N 423-ст,,103714,,,,KSI190000111
,BD,,,,Рабочий управляющий машинами и механизмами,,Единый тарифно-квалификационный справочник работ и профессий рабочих,По специализации,,,,,KSI190000112
,,BDA,,,Копровщик,,Приказ Росстандарта от 16.05.2025 N 423-ст,,101794,,,,KSI190000113
,,BDB,,,Бункеровщик,,Приказ Росстандарта от 16.05.2025 N 423-ст,,100722,,,,KSI190000114
,,BDC,,,Лебедчик,,Приказ Росстандарта от 16.05.2025 N 423-ст,,101981,,,,KSI190000115
,,BDD,,,Водитель,,Приказ Росстандарта от 16.05.2025 N 423-ст,,100817,,,,KSI190000116
,,,,BDD010,Водитель вездехода,,Приказ Росстандарта от 16.05.2025 N 423-ст,,100824,,,,KSI190000117
,,,,BDD020,Водитель погрузчика,,Приказ Росстандарта от 16.05.2025 N 423-ст,,100830,,,,KSI190000118
,,BDE,,,Машинист,,Единый тарифно-квалификационный справочник работ и профессий рабочих,По виду машины,,,,,KSI190000119
,,,BDEA,,Машинист землеройной машины,,Приказ Росстандарта от 16.05.2025 N 423-ст,,102178,,,,KSI190000120
,,,,BDEA010,Машинист экскаватора,,Приказ Росстандарта от 16.05.2025 N 423-ст,,102521,,,,KSI190000121
,,,,BDEA020,Машинист дренажной машины,,Приказ Росстандарта от 16.05.2025 N 423-ст,,102165,,,,KSI190000122
,,,,BDEA030,Машинист землеройно-фрезерной самоходной машины,,Приказ Росстандарта от 16.05.2025 N 423-ст,,102178,,,,KSI190000123
,,,,BDEA040,Машинист автогрейдера,,Приказ Росстандарта от 16.05.2025 N 423-ст,,102067,,,,KSI190000124
,,,,BDEA050,Машинист автоямобура,,Приказ Росстандарта от 16.05.2025 N 423-ст,,102078,,,,KSI190000125
,,,,BDEA060,Машинист бульдозера,,Приказ Росстандарта от 16.05.2025 N 423-ст,,102103,,,,KSI190000126
,,,,BDEA070,Машинист гидромониторно-эжекторного плавучего несамоходного снаряда,,Приказ Росстандарта от 16.05.2025 N 423-ст,,102141,,,,KSI190000127
,,,,BDEA080,Машинист грейдера прицепного,,Приказ Росстандарта от 16.05.2025 N 423-ст,,102150,,,,KSI190000128
,,,,BDEA090,Машинист грейдер-элеватора,,Приказ Росстандарта от 16.05.2025 N 423-ст,,102151,,,,KSI190000129
,,,,BDEA100,Машинист землесосного плавучего несамоходного снаряда,,Приказ Росстандарта от 16.05.2025 N 423-ст,,102179,,,,KSI190000130
,,,,BDEA110,Машинист скрепера,,Приказ Росстандарта от 16.05.2025 N 423-ст,,102417,,,,KSI190000131
,,,BDEB,,Машинист машины для устройства свайного фундамента,,Единый тарифно-квалификационный справочник работ и профессий рабочих,,,,,,KSI190000132
,,,,BDEB010,Машинист вибровдавливающего погружателя свай самоходного,,Приказ Росстандарта от 16.05.2025 N 423-ст,,102121,,,,KSI190000133
,,,,BDEB020,Машинист вибропогружателя бескопрового,,Приказ Росстандарта от 16.05.2025 N 423-ст,,102122,,,,KSI190000134
,,,,BDEB030,Машинист копра,,Приказ Росстандарта от 16.05.2025 N 423-ст,,102208,,,,KSI190000135
,,,,BDEB040,Машинист дизель-молота бескопрового,,Приказ Росстандарта от 16.05.2025 N 423-ст,,102158,,,,KSI190000136
,,,BDEC,,Машинист подъемной машины,,Приказ Росстандарта от 16.05.2025 N 423-ст,,102343,,,,KSI190000137
,,,,BDEC010,Машинист автовышки и автогидроподъемника,,Приказ Росстандарта от 16.05.2025 N 423-ст,,102066,,,,KSI190000138
,,,,BDEC020,Машинист крана автомобильного,,Приказ Росстандарта от 16.05.2025 N 423-ст,,102213,,,,KSI190000139
,,,,BDEC030,Машинист подъемника строительного,,Приказ Росстандарта от 16.05.2025 N 423-ст,,102342,,,,KSI190000140
,,,,BDEC040,Машинист крана (крановщик),,Приказ Росстандарта от 16.05.2025 N 423-ст,,102211,,,,KSI190000141
,,,,BDEC050,Машинист подъемно-передвижных подмостей,,Приказ Росстандарта от 16.05.2025 N 423-ст,,102344,,,,KSI190000142
,,,BDED,,Машинист машины по производству и укладке бетонной смеси,,Единый тарифно-квалификационный справочник работ и профессий рабочих,,,,,,KSI190000143
,,,,BDED010,Машинист автобетононасоса,,Приказ Росстандарта от 16.05.2025 N 423-ст,,102065,,,,KSI190000144
,,,,BDED020,Машинист бетоносмесителя передвижного,,Приказ Росстандарта от 16.05.2025 N 423-ст,,102093,,,,KSI190000145
,,,,BDED030,Машинист бетоноукладчика,,Приказ Росстандарта от 16.05.2025 N 423-ст,,102094,,,,KSI190000146
,,,,BDED040,Машинист распределителя цемента аэрационного самоходного,,Приказ Росстандарта от 16.05.2025 N 423-ст,,102379,,,,KSI190000147
,,,,BDED050,Машинист распределителя цемента гравитационного прицепного,,Приказ Росстандарта от 16.05.2025 N 423-ст,,102380,,,,KSI190000148
,,,,BDED060,Машинист растворонасоса,,Приказ Росстандарта от 16.05.2025 N 423-ст,,102381,,,,KSI190000149
,,,,BDED070,Машинист растворосмесителя передвижного,,Приказ Росстандарта от 16.05.2025 N 423-ст,,102382,,,,KSI190000150
,,,,BDED080,Машинист цемент-пушки,,"Приказ Росстандарта от 16.05.2025 N 423-ст
СП 83.13330.2016",,102271,,,,KSI190000571
,,,,BDED090,Торкретчик,,"Приказ Росстандарта от 16.05.2025 N 423-ст
СП 83.13330.2016",,102271,,,,KSI190000572
,,,BDEE,,Машинист погрузочно-разгрузочной машины,,Единый тарифно-квалификационный справочник работ и профессий рабочих,,,,,,KSI190000151
,,,,BDEE010,Машинист автомобилеразгрузчика,,Приказ Росстандарта от 16.05.2025 N 423-ст,,102076,,,,KSI190000152
,,,,BDEE020,Машинист вагоноопрокидывателя,,Приказ Росстандарта от 16.05.2025 N 423-ст,,102111,,,,KSI190000153
,,,,BDEE030,Машинист перегружателя,,Приказ Росстандарта от 16.05.2025 N 423-ст,,102316,,,,KSI190000154
,,,BDEF,,Машинист машины дорожно-строительного комплекса,,Единый тарифно-квалификационный справочник работ и профессий рабочих,,,,,,KSI190000155
,,,,BDEF010,Машинист машины для укладки дорожных бордюров,,Приказ Росстандарта от 16.05.2025 N 423-ст,,102250,,,,KSI190000156
,,,,BDEF020,Машинист машины для устройства защитных шероховатых слоев дорожных покрытий,,Приказ Росстандарта от 16.05.2025 N 423-ст,,102251,,,,KSI190000157
,,,,BDEF030,Машинист машины для устройства укрепительных полос,,Приказ Росстандарта от 16.05.2025 N 423-ст,,102252,,,,KSI190000158
,,,,BDEF040,Машинист машины для устройства швов при выполнении дорожных работ,,Приказ Росстандарта от 16.05.2025 N 423-ст,,102254,,,,KSI190000159
,,,,BDEF050,Машинист маркировочной машины для разметки автомобильных дорог,,Приказ Росстандарта от 16.05.2025 N 423-ст,,102236,,,,KSI190000160
,,,,BDEF060,Машинист уплотняющей и планировочно-уплотняющей машины,,Приказ Росстандарта от 16.05.2025 N 423-ст,,102469,,,,KSI190000161
,,,,BDEF070,Машинист автогудронатора,,Приказ Росстандарта от 16.05.2025 N 423-ст,,102068,,,,KSI190000162
,,,,BDEF080,Машинист планировщика,,Единый тарифно-квалификационный справочник работ и профессий рабочих,,,,,,KSI190000163
,,,,BDEF090,Машинист профилировщика,,Приказ Росстандарта от 16.05.2025 N 423-ст,,102366,,,,KSI190000164
,,,,BDEF100,Машинист катков самоходных и полуприцепных на пневматических шинах,,Приказ Росстандарта от 16.05.2025 N 423-ст,,102192,,,,KSI190000165
,,,,BDEF110,Машинист катка самоходного с гладкими вальцами,,Приказ Росстандарта от 16.05.2025 N 423-ст,,102193,,,,KSI190000166
,,,,BDEF120,Машинист смесителя асфальтобетона передвижного,,Приказ Росстандарта от 16.05.2025 N 423-ст,,102425,,,,KSI190000167
,,,,BDEF130,Машинист укладчика асфальтобетона,,Приказ Росстандарта от 16.05.2025 N 423-ст,,102467,,,,KSI190000168
,,,,BDEF140,Машинист фрезы дорожной,,Приказ Росстандарта от 16.05.2025 N 423-ст,,102495,,,,KSI190000169
,,,,BDEF150,Машинист щебнераспределителя,,Приказ Росстандарта от 16.05.2025 N 423-ст,,102517,,,,KSI190000170
,,,,BDEF160,Машинист ремиксера,,Приказ Росстандарта от 16.05.2025 N 423-ст,,102393,,,,KSI190000171
,,,,BDEF170,Машинист ресайклера (холодного),,Приказ Росстандарта от 16.05.2025 N 423-ст,,102394,,,,KSI190000172
,,,,BDEF180,Машинист финишера,,Приказ Росстандарта от 16.05.2025 N 423-ст,,102488,,,,KSI190000173
,,,,BDEF190,Машинист машины для нанесения пленкообразующей жидкости,,Приказ Росстандарта от 16.05.2025 N 423-ст,,102248,,,,KSI190000174
,,,,BDEF200,Машинист автобетонолома,,Приказ Росстандарта от 16.05.2025 N 423-ст,,102064,,,,KSI190000175
,,,,BDEF210,Машинист ледорезной машины,,Приказ Росстандарта от 16.05.2025 N 423-ст,,102225,,,,KSI190000176
,,,,BDEF220,Машинист заливщика швов,,Приказ Росстандарта от 16.05.2025 N 423-ст,,102176,,,,KSI190000177
,,,,BDEF230,Машинист нарезчика швов самоходного,,Приказ Росстандарта от 16.05.2025 N 423-ст,,102281,,,,KSI190000178
,,,BDEG,,Машинист машины для строительства и ремонта трубопроводов,,Единый тарифно-квалификационный справочник работ и профессий рабочих,,,,,,KSI190000179
,,,,BDEG010,Машинист машины для изоляции газонефтепродуктопроводов,,Приказ Росстандарта от 16.05.2025 N 423-ст,,102246,,,,KSI190000180
,,,,BDEG020,Машинист трубоочистительной машины,,Приказ Росстандарта от 16.05.2025 N 423-ст,,102461,,,,KSI190000181
,,,,BDEG030,Машинист трубоукладчика,,Приказ Росстандарта от 16.05.2025 N 423-ст,,102462,,,,KSI190000182
,,,BDEH,,Машинист машины для общестроительных работ,,Единый тарифно-квалификационный справочник работ и профессий рабочих,,,,,,KSI190000183
,,,,BDEH010,Машинист бурильно-крановой самоходной машины,,Приказ Росстандарта от 16.05.2025 N 423-ст,,102106,,,,KSI190000184
,,,,BDEH020,Машинист автокомпрессора,,Приказ Росстандарта от 16.05.2025 N 423-ст,,102070,,,,KSI190000185
,,,,BDEH030,Машинист гидросеялки самоходной,,Приказ Росстандарта от 16.05.2025 N 423-ст,,102144,,,,KSI190000186
,,,,BDEH040,Машинист электролебедки,,Приказ Росстандарта от 16.05.2025 N 423-ст,,102530,,,,KSI190000187
,,,,BDEH050,Машинист электростанции передвижной,,Приказ Росстандарта от 16.05.2025 N 423-ст,,102533,,,,KSI190000188
,,,,BDEH060,Машинист газодувных машин,,Приказ Росстандарта от 16.05.2025 N 423-ст,,102135,,,,KSI190000189
,,,,BDEH070,Машинист двигателей внутреннего сгорания,,Приказ Росстандарта от 16.05.2025 N 423-ст,,102155,,,,KSI190000190
,,,,BDEH080,Машинист моечных машин,,Приказ Росстандарта от 16.05.2025 N 423-ст,,102274,,,,KSI190000191
,,,BDEJ,,Машинист компрессора,,Единый тарифно-квалификационный справочник работ и профессий рабочих,,,,,,KSI190000192
,,,,BDEJ010,Машинист компрессора для подачи воздуха водолазам,,Приказ Росстандарта от 16.05.2025 N 423-ст,,102201,,,,KSI190000193
,,,,BDEJ020,Машинист компрессора передвижного,,Приказ Росстандарта от 16.05.2025 N 423-ст,,102202,,,,KSI190000194
,,,BDEK,,Машинист оборудования,,Единый тарифно-квалификационный справочник работ и профессий рабочих,,,,,,KSI190000195
,,,,BDEK010,Машинист механизированного оборудования по подъему подвижной (скользящей) опалубки,,Приказ Росстандарта от 16.05.2025 N 423-ст,,102265,,,,KSI190000196
,,,,BDEK020,Машинист механического оборудования землесосных плавучих несамоходных снарядов и грунтонасосных установок,,Приказ Росстандарта от 16.05.2025 N 423-ст,,102268,,,,KSI190000197
,,,,BDEK030,Машинист механизированного натяжного устройства для изготовления напряженно- армированных конструкций,,Приказ Росстандарта от 16.05.2025 N 423-ст,,102264,,,,KSI190000198
,,,,BDEK040,Машинист электрического оборудования землесосных плавучих несамоходных снарядов и грунтонасосных установок,,Приказ Росстандарта от 16.05.2025 N 423-ст,,102524,,,,KSI190000199
,,,BDEL,,Машинист установки,,Единый тарифно-квалификационный справочник работ и профессий рабочих,,,,,,KSI190000200
,,,,BDEL010,Машинист вентиляционной и аспирационной установок,,Приказ Росстандарта от 16.05.2025 N 423-ст,,102119,,,,KSI190000201
,,,,BDEL020,Машинист воздухоразделительной установки,,Приказ Росстандарта от 16.05.2025 N 423-ст,,102126,,,,KSI190000202
,,,,BDEL030,Машинист компрессорной установки,,Приказ Росстандарта от 16.05.2025 N 423-ст,,102203,,,,KSI190000203
,,,,BDEL040,Машинист насосной установки,,Приказ Росстандарта от 16.05.2025 N 423-ст,,102285,,,,KSI190000204
,,,,BDEL050,Машинист баровой установки,,Приказ Росстандарта от 16.05.2025 N 423-ст,,102090,,,,KSI190000205
,,,,BDEL060,Машинист бетононасосной установки,,Приказ Росстандарта от 16.05.2025 N 423-ст,,102092,,,,KSI190000206
,,,,BDEL070,Машинист битумоплавильной передвижной установки,,Приказ Росстандарта от 16.05.2025 N 423-ст,,102096,,,,KSI190000207
,,,,BDEL080,Машинист вакуумной установки,,Приказ Росстандарта от 16.05.2025 N 423-ст,,102112,,,,KSI190000208
,,,,BDEL090,Машинист контактносварочной установки передвижной для сварки магистральных газонефтепродуктопроводов,,Приказ Росстандарта от 16.05.2025 N 423-ст,,102207,,,,KSI190000209
,,,,BDEL100,Машинист установки мобильной по сортировке и приготовлению минеральных материалов для устройства защитных слоев покрытия,,Приказ Росстандарта от 16.05.2025 N 423-ст,,102471,,,,KSI190000210
,,,,BDEL110,Машинист установки передвижной автоматизированной непрерывного действия для приготовления бетонной смеси,,Приказ Росстандарта от 16.05.2025 N 423-ст,,102472,,,,KSI190000211
,,,,BDEL120,Машинист установки по продавливанию и горизонтальному бурению грунта,,Приказ Росстандарта от 16.05.2025 N 423-ст,,102477,,,,KSI190000212
,,,,BDEL130,Машинист холодильной установки,,Приказ Росстандарта от 16.05.2025 N 423-ст,,102498,,,,KSI190000213
,,,,BDEL140,Машинист холодильной установки по замораживанию грунтов,,Приказ Росстандарта от 16.05.2025 N 423-ст,,102497,,,,KSI190000214
,,,,BDEL150,Машинист трубогибочной установки передвижной,,Приказ Росстандарта от 16.05.2025 N 423-ст,,102460,,,,KSI190000215
,,,BDEM,,Машинист станции,,Приказ Росстандарта от 16.05.2025 N 423-ст,,,,,,KSI190000216
,,,,BDEM010,Машинист малярной станции передвижной,,Приказ Росстандарта от 16.05.2025 N 423-ст,,102235,,,,KSI190000217
,,,,BDEM020,Машинист штукатурной станции передвижной,,Приказ Росстандарта от 16.05.2025 N 423-ст,,102514,,,,KSI190000218
,,,,BDEM030,Машинист газогенераторной станции,,Приказ Росстандарта от 16.05.2025 N 423-ст,,102134,,,,KSI190000219
,,,BDEN,,Машинист агрегата,,Единый тарифно-квалификационный справочник работ и профессий рабочих,,,,,,KSI190000220
,,,,BDEN010,Машинист агрегата безвоздушного распыления высокого давления,,Приказ Росстандарта от 16.05.2025 N 423-ст,,102079,,,,KSI190000221
,,,,BDEN020,"Машинист мобильного комплекса, оснащенного агрегатами для приготовления растворов и цементо- бетонных смесей",,Приказ Росстандарта от 16.05.2025 N 423-ст,,102271,,,,KSI190000222
,,,,BDEN030,Машинист электросварочного передвижного агрегата с двигателем внутреннего сгорания,,Приказ Росстандарта от 16.05.2025 N 423-ст,,102532,,,,KSI190000223
,,,BDEP,,Машинисты локомотивов,,"Приказ Минтруда России от 22.09.2020 г. N 634н
Распоряжение РЖД от 30.01.2023 № 170р
Приказ Минтруда России от 02.04.2024 N 168н 
Приказ Минтруда России от 02.04.2024 N 169н
Приказ Минтруда России от 21.09.2020 г. N 624н",,,,,,KSI190000460
,,,,BDEP010,Водитель (машинист) дрезины,,"Приказ Минтруда России от 22.09.2020 г. N 634н
Распоряжение РЖД от 30.01.2023 № 170р",,,,,,KSI190000461
,,,,BDEP020,Водитель (машинист) специализированной техники на комбинированном ходу,,Приказ Минтруда России от 22.09.2020 г. N 634н,,,,,,KSI190000462
,,,,BDEP030,Машинист автомотрисы,,Приказ Минтруда России от 22.09.2020 г. N 634н,,,,,,KSI190000463
,,,,BDEP040,Помощник машиниста автомотрисы,,Распоряжение РЖД от 30.01.2023 № 170р,,,,,,KSI190000464
,,,,BDEP050,Машинист газотурбовоза,,Приказ Минтруда России от 02.04.2024 N 168н,,,,,,KSI190000465
,,,,BDEP060,Машинист дизель-поезда,,Приказ Минтруда России от 02.04.2024 N 169н,,,,,,KSI190000466
,,,,BDEP070,Машинист железнодорожно-строительной машины несамоходной,,Приказ Минтруда России от 22.09.2020 г. N 634н,,,,,,KSI190000467
,,,,BDEP080,Машинист железнодорожно-строительной машины самоходной,,Приказ Минтруда России от 22.09.2020 г. N 634н,,,,,,KSI190000468
,,,,BDEP090,Машинист мотовоза,,Приказ Минтруда России от 22.09.2020 г. N 634н,,,,,,KSI190000469
,,,,BDEP100,Машинист паровоза,,Приказ Минтруда России от 02.04.2024 N 168н,,,,,,KSI190000470
,,,,BDEP110,Машинист рельсового автобуса,,Приказ Минтруда России от 02.04.2024 N 169н,,,,,,KSI190000471
,,,,BDEP120,Машинист тепловоза,,Приказ Минтруда России от 02.04.2024 N 168н,,,,,,KSI190000472
,,,,BDEP130,Машинист тягового агрегата,,Приказ Минтруда России от 02.04.2024 N 168н,,,,,,KSI190000473
,,,,BDEP140,Машинист электровоза,,Приказ Минтруда России от 02.04.2024 N 168н,,,,,,KSI190000474
,,,,BDEP150,Машинист электропоезда,,Приказ Минтруда России от 02.04.2024 N 169н,,,,,,KSI190000475
,,,,BDEP160,Машинист-оператор по управлению и обслуживанию локомотива,,Приказ Минтруда России от 02.04.2024 N 168н,,,,,,KSI190000476
,,,,BDEP170,Машинист-оператор по управлению и обслуживанию моторвагонного подвижного состава,,Приказ Минтруда России от 02.04.2024 N 169н,,,,,,KSI190000477
,,,,BDEP180,Оператор по дистанционному управлению моторвагонным подвижным составом,,Приказ Минтруда России от 02.04.2024 N 169н,,,,,,KSI190000478
,,,,BDEP190,Помощник машиниста газотурбовоза,,Приказ Минтруда России от 02.04.2024 N 168н,,,,,,KSI190000479
,,,,BDEP200,Помощник машиниста дизель-поезда,,Приказ Минтруда России от 02.04.2024 N 169н,,,,,,KSI190000480
,,,,BDEP210,Помощник машиниста паровоза,,Приказ Минтруда России от 02.04.2024 N 168н,,,,,,KSI190000481
,,,,BDEP220,Помощник машиниста рельсового автобуса,,Приказ Минтруда России от 02.04.2024 N 169н,,,,,,KSI190000482
,,,,BDEP230,Помощник машиниста тепловоза,,Приказ Минтруда России от 02.04.2024 N 168н,,,,,,KSI190000483
,,,,BDEP240,Помощник машиниста электровоза,,Приказ Минтруда России от 02.04.2024 N 168н,,,,,,KSI190000484
,,,,BDEP250,Помощник машиниста электропоезда,,Приказ Минтруда России от 02.04.2024 N 169н,,,,,,KSI190000485
,,BDF,,,Моторист,,Единый тарифно-квалификационный справочник работ и профессий рабочих,,,,,,KSI190000224
,,,,BDF010,Моторист механической лопаты,,Приказ Росстандарта от 16.05.2025 N 423-ст,,102705,,,,KSI190000225
,,,,BDF020,Моторист электродвигателей,,Приказ Росстандарта от 16.05.2025 N 423-ст,,102724,,,,KSI190000226
,,BDG,,,Оператор,,Единый тарифно-квалификационный справочник работ и профессий рабочих,,,,,,KSI190000227
,,,,BDG010,Оператор акустических испытаний,,Приказ Росстандарта от 16.05.2025 N 423-ст,,103092,,,,KSI190000228
,,,,BDG020,Оператор заправочных станций,,Приказ Росстандарта от 16.05.2025 N 423-ст,,103147,,,,KSI190000229
,,,,BDG030,Оператор механизированных и автоматизированных складов,,Приказ Росстандарта от 16.05.2025 N 423-ст,,103213,,,,KSI190000230
,,,,BDG040,Оператор осциллографирования и тензометрирования,,Приказ Росстандарта от 16.05.2025 N 423-ст,,103252,,,,KSI190000231
,,,,BDG050,Оператор платформы подъемной,,Единый тарифно-квалификационный справочник работ и профессий рабочих,,,,,,KSI190000232
,,,,BDG060,Оператор по обслуживанию пылегазоулавливающих установок,,Приказ Росстандарта от 16.05.2025 N 423-ст,,103298,,,,KSI190000233
,,,,BDG070,Оператор теплового пункта,,Приказ Росстандарта от 16.05.2025 N 423-ст,,103431,,,,KSI190000234
,,BDH,,,Тракторист,,Приказ Росстандарта от 16.05.2025 N 423-ст,,105115,,,,KSI190000235
,,BDJ,,,Транспортерщик,,Приказ Росстандарта от 16.05.2025 N 423-ст,,105121,,,,KSI190000236
,,BDK,,,"Операторы, машинисты и водители производственных установок и машин транспортной инфраструктуры",,"Приказ Минтруда России от 01.04.2024 N 163н 
Приказ Минтруда России от 16.01.2023 N 15н
Распоряжение РЖД от 30.01.2023 № 170р
Приказ Минтруда России от 16.03.2022 г. N 129н
Приказ Минтруда России от 1.03.2023 г. N 115н
Приказ Минтруда России от 27.04.2023 N 359н
Приказ Минтруда России от 08.06.2022 N 345н
Приказ Минтруда России от 15.09.2020 N 614н
Приказ Минтруда России от 30.08.2019 N 595н
Приказ Минтруда России от 16.04.2024 N 211н 
Приказ Минтруда России от 27.04.2023 N 361н
Приказ Минтруда России от 01.03.2023 N 121н",,,,,,KSI190000486
,,,,BDK010,Машинист поворотной и подъемной машин моста,,Приказ Минтруда России от 01.04.2024 N 163н ,,,,,,KSI190000487
,,,,BDK020,Оператор дефектоскопной тележки,,Приказ Минтруда России от 16.01.2023 N 15н,,,,,,KSI190000488
,,,,BDK030,Помощник оператора дефектоскопной тележки,,Распоряжение РЖД от 30.01.2023 № 170р,,,,,,KSI190000489
,,,,BDK040,Оператор по обслуживанию и ремонту вагонов и контейнеров,,Приказ Минтруда России от 16.03.2022 г. N 129н,,,,,,KSI190000490
,,,,BDK050,Оператор по путевым измерениям,,Приказ Минтруда России от 1.03.2023 г. N 115н,,,,,,KSI190000491
,,,,BDK060,Оператор поста централизации,,Приказ Минтруда России от 27.04.2023 N 359н,,,,,,KSI190000492
,,,,BDK070,Оператор сортировочной горки,,Приказ Минтруда России от 27.04.2023 N 359н,,,,,,KSI190000493
,,,,BDK080,Машинист железнодорожного крана,,Приказ Минтруда России от 08.06.2022 N 345н,,,,,,KSI190000494
,,,,BDK090,Машинист весоповерочного вагона,,Приказ Минтруда России от 15.09.2020 N 614н,,,,,,KSI190000495
,,,,BDK100,Помощник машиниста самоходного весоповерочного вагона,,Распоряжение РЖД от 30.01.2023 № 170р,,,,,,KSI190000496
,,,,BDK110,Машинист насосной установки железнодорожного водоснабжения,,Приказ Минтруда России от 30.08.2019 N 595н,,,,,,KSI190000497
,,,,BDK120,Машинист пескоподающей установки,,Приказ Минтруда России от 16.04.2024 N 211н,,,,,,KSI190000498
,,,,BDK130,Машинист электростанции передвижной восстановительного поезда,,Приказ Минтруда России от 27.04.2023 N 361н,,,,,,KSI190000499
,,,,BDK140,Оператор установок пескоструйной очистки железнодорожного подвижного состава,,Приказ Минтруда России от 01.03.2023 N 121н,,,,,,KSI190000500
,BE,,,,Монтажник,,Единый тарифно-квалификационный справочник работ и профессий рабочих,По специализации,,,,,KSI190000237
,,BEA,,,Монтажник гидроагрегатов,,Приказ Росстандарта от 16.05.2025 N 423-ст,,102623,,,,KSI190000238
,,BEB,,,Монтажник дробильно-размольного оборудования и оборудования для сортировки и обогащения,,Приказ Росстандарта от 16.05.2025 N 423-ст,,102626,,,,KSI190000239
,,BEC,,,Монтажник микропроцессорной и волоконно-оптической техники,,Приказ Росстандарта от 16.05.2025 N 423-ст,,102628,,,,KSI190000240
,,BED,,,Монтажник наружных трубопроводов,,Приказ Росстандарта от 16.05.2025 N 423-ст,,102632,,,,KSI190000241
,,BEE,,,Монтажник оборудования атомных электрических станций,,Приказ Росстандарта от 16.05.2025 N 423-ст,,102634,,,,KSI190000242
,,BEF,,,Монтажник оборудования блокировки и централизации,,Приказ Росстандарта от 16.05.2025 N 423-ст,,102635,,,,KSI190000243
,,BEG,,,Монтажник оборудования коксохимических производств,,Приказ Росстандарта от 16.05.2025 N 423-ст,,102637,,,,KSI190000244
,,BEH,,,Монтажник оборудования металлургических заводов,,Приказ Росстандарта от 16.05.2025 N 423-ст,,102638,,,,KSI190000245
,,BEJ,,,Монтажник оборудования связи,,Приказ Росстандарта от 16.05.2025 N 423-ст,,102639,,,,KSI190000246
,,BEK,,,Монтажник оборудования сортировочных горок,,Приказ Росстандарта от 16.05.2025 N 423-ст,,102640,,,,KSI190000247
,,BEL,,,Монтажник по монтажу стальных и железобетонных конструкций,,Приказ Росстандарта от 16.05.2025 N 423-ст,,102642,,,,KSI190000248
,,BEM,,,"Монтажник приборов и аппаратуры автоматического контроля, регулирования и управления",,Приказ Росстандарта от 16.05.2025 N 423-ст,,102644,,,,KSI190000249
,,BEN,,,Монтажник санитарно-технических систем и оборудования,,Приказ Росстандарта от 16.05.2025 N 423-ст,,102648,,,,KSI190000250
,,BEP,,,Монтажник связи,,Приказ Росстандарта от 16.05.2025 N 423-ст,,202190,,,,KSI190000251
,,,,BEP010,Монтажник связи - антеннщик,,Приказ Росстандарта от 16.05.2025 N 423-ст,,102650,,,,KSI190000252
,,,,BEP020,Монтажник связи - кабельщик,,Приказ Росстандарта от 16.05.2025 N 423-ст,,102651,,,,KSI190000253
,,,,BEP030,Монтажник связи - линейщик,,Приказ Росстандарта от 16.05.2025 N 423-ст,,102652,,,,KSI190000254
,,,,BEP040,Монтажник связи - спайщик,,Приказ Росстандарта от 16.05.2025 N 423-ст,,102653,,,,KSI190000255
,,BEQ,,,Монтажник сельскохозяйственного оборудования,,Приказ Росстандарта от 16.05.2025 N 423-ст,,102655,,,,KSI190000256
,,BER,,,"Монтажник систем вентиляции, кондиционирования воздуха, пневмотранспорта и аспирации",,Приказ Росстандарта от 16.05.2025 N 423-ст,,102656,,,,KSI190000257
,,BES,,,Монтажник строительных машин и механизмов,,Приказ Росстандарта от 16.05.2025 N 423-ст,,102657,,,,KSI190000258
,,BET,,,Монтажник технологического оборудования и связанных с ним конструкций,,Приказ Росстандарта от 16.05.2025 N 423-ст,,102661,,,,KSI190000259
,,BEU,,,Монтажник технологических трубопроводов,,Приказ Росстандарта от 16.05.2025 N 423-ст,,102660,,,,KSI190000260
,,BEV,,,Монтажник турбоустановок,,Приказ Росстандарта от 16.05.2025 N 423-ст,,102663,,,,KSI190000261
,,BEW,,,Монтажник шахтного оборудования на поверхности,,Приказ Росстандарта от 16.05.2025 N 423-ст,,102665,,,,KSI190000262
,,BEX,,,Монтажник электрических подъемников (лифтов),,Приказ Росстандарта от 16.05.2025 N 423-ст,,102667,,,,KSI190000263
,,BEY,,,Монтажник горного оборудования,,Приказ Росстандарта от 16.05.2025 N 423-ст,,102624,,,,KSI190000264
,BF,,,,Рабочий такелажных работ,,,По специализации,,,,,KSI190000265
,,BFA,,,Такелажник,,Приказ Росстандарта от 16.05.2025 N 423-ст,,105047,,,,KSI190000266
,,,,BFA010,Такелажник на монтаже,,Приказ Росстандарта от 16.05.2025 N 423-ст,,105048,,,,KSI190000267
,,BFB,,,Транспортировщик,,Приказ Росстандарта от 16.05.2025 N 423-ст,,105123,,,,KSI190000268
,,BFC,,,Стропальщик,,Приказ Росстандарта от 16.05.2025 N 423-ст,,104947,,,,KSI190000269
,BG,,,,Арматурщик,,Единый тарифно-квалификационный справочник работ и профессий рабочих,,,,,,KSI190000270
,BH,,,,Рабочий отделочных работ,,,По специализации,,,,,KSI190000271
,,BHA,,,Камнетес,,Приказ Росстандарта от 16.05.2025 N 423-ст,,101528,,,,KSI190000272
,,BHB,,,Стекольщик,,Приказ Росстандарта от 16.05.2025 N 423-ст,,104927,,,,KSI190000273
,,BHC,,,Штукатур,,Приказ Росстандарта от 16.05.2025 N 423-ст,,105452,,,,KSI190000274
,,BHD,,,Пескоструйщик,,Приказ Росстандарта от 16.05.2025 N 423-ст,,103681,,,,KSI190000275
,,BHE,,,Паркетчик,,Приказ Росстандарта от 16.05.2025 N 423-ст,,103629,,,,KSI190000276
,,BHF,,,Облицовщик,,Единый тарифно-квалификационный справочник работ и профессий рабочих,,,,,,KSI190000277
,,,,BHF010,Облицовщик-мозаичник,,Приказ Росстандарта от 16.05.2025 N 423-ст,,102952,,,,KSI190000278
,,,,BHF020,Облицовщик-мраморщик,,Приказ Росстандарта от 16.05.2025 N 423-ст,,102953,,,,KSI190000279
,,,,BHF030,Облицовщик-плиточник,,Приказ Росстандарта от 16.05.2025 N 423-ст,,102954,,,,KSI190000280
,,,,BHF040,Облицовщик-полировщик,,Приказ Росстандарта от 16.05.2025 N 423-ст,,102955,,,,KSI190000281
,,,,BHF050,Облицовщик синтетическими материалами,,Приказ Росстандарта от 16.05.2025 N 423-ст,,102951,,,,KSI190000282
,,BHG,,,Модельщик архитектурных деталей,,Приказ Росстандарта от 16.05.2025 N 423-ст,,102582,,,,KSI190000283
,,BHH,,,Лепщик архитектурных деталей,,Приказ Росстандарта от 16.05.2025 N 423-ст,,101987,,,,KSI190000284
,,BHJ,,,Маляр,,Приказ Росстандарта от 16.05.2025 N 423-ст,,102029,,,,KSI190000285
,,,,BHJ010,Маляр строительный,,"Приказ Росстандарта от 16.05.2025 N 423-ст
Приказ Минздравсоцразвития РФ от 06.04.2007 N 243
Приказ Минтруда России от 15.07.2024 N 355н",,102031,,,,KSI190000286
,BJ,,,,"Рабочий по устройству защиты строительных конструкций, зданий, сооружений и технологического оборудования",,Единый тарифно-квалификационный справочник работ и профессий рабочих,По специализации,,,,,KSI190000287
,,BJA,,,Кислотоупорщик,,"Единый тарифно-квалификационный справочник работ и профессий рабочих
Приказ Минздравсоцразвития РФ от 06.04.2007 N 243 ",,,,,,KSI190000288
,,,,BJA010,Футеровщик (кислотоупорщик),,Приказ Росстандарта от 16.05.2025 N 423-ст,,105293,,,,KSI190000289
,,,,BJA020,Кислотоупорщик-гуммировщик,,Приказ Росстандарта от 16.05.2025 N 423-ст,,101563,,,,KSI190000290
,,,,BJA030,Кислотоупорщик-винипластчик,,Приказ Росстандарта от 16.05.2025 N 423-ст,,101562,,,,KSI190000291
,,BJB,,,Пропитчик по огнезащитной пропитке,,Приказ Росстандарта от 16.05.2025 N 423-ст,,104144,,,,KSI190000292
,,BJC,,,Изолировщик,,Единый тарифно-квалификационный справочник работ и профессий рабочих,,,,,,KSI190000293
,,,,BJC020,Изолировщик на гидроизоляции,,Приказ Росстандарта от 16.05.2025 N 423-ст,,101434,,,,KSI190000294
,,,,BJC030,Изолировщик на термоизоляции,,Приказ Росстандарта от 16.05.2025 N 423-ст,,101435,,,,KSI190000295
,,,,BJC040,Изолировщик-пленочник,,Приказ Росстандарта от 16.05.2025 N 423-ст,,101441,,,,KSI190000296
,,BJD,,,Огнеупорщик,,Приказ Росстандарта от 16.05.2025 N 423-ст,,103044,,,,KSI190000297
,,BJE,,,Кровельщик,,"Приказ Минздравсоцразвития РФ от 06.04.2007 N 243
Приказ Минтруда России от 31.10.2014 N 860н
Приказ Росстандарта от 16.05.2025 N 423-ст",,101832,,,,KSI190000298
,,,,BJE010,Кровельщик по рулонным кровлям и по кровлям из штучных материалов,,Приказ Росстандарта от 16.05.2025 N 423-ст,,101833,,,,KSI190000299
,,,,BJE020,Кровельщик по стальным кровлям,,Приказ Росстандарта от 16.05.2025 N 423-ст,,101834,,,,KSI190000300
,BK,,,,Рабочий сварочного производства,,"Единый тарифно-квалификационный справочник работ и профессий рабочих
",По специализации,,,,,KSI190000301
,,BKA,,,Оператор-термист на передвижных термических установках,,Приказ Росстандарта от 16.05.2025 N 423-ст,,103522,,,,KSI190000302
,,BKB,,,Газорезчик,,"Приказ Росстандарта от 16.05.2025 N 423-ст 
Приказ Минтруда России от 28.11.2013 N 701н 
Приказ Минтруда России от 03.12.2015 N 989н",,100932,,,,KSI190000303
,,,,BKB010,Газорезчик термической резки металлов,,Приказ Минтруда России от 03.12.2015 N 989н,,,,,,KSI190000507
,,,,BKB020,Резчик ручной кислородной резки металлов,,Приказ Минтруда России от 03.12.2015 N 989н,,,,,,KSI190000508
,,,,BKB030,Резчик ручной плазменной резки металлов,,Приказ Минтруда России от 03.12.2015 N 989н,,,,,,KSI190000509
,,,,BKB040,Резчик ручной термической резки металлов,,Приказ Минтруда России от 03.12.2015 N 989н,,,,,,KSI190000510
,,BKC,,,Сварщик,,"Единый тарифно-квалификационный справочник работ и профессий рабочих
Приказ Минтруда России от 28.11.2013 N 701н",,,,,,KSI190000304
,,,,BKC010,Газосварщик,,Приказ Росстандарта от 16.05.2025 N 423-ст,,100933,,,,KSI190000305
,,,,BKC020,Электрогазосварщик,,Приказ Росстандарта от 16.05.2025 N 423-ст,,105466,,,,KSI190000306
,,,,BKC030,Электросварщик ручной сварки,,Приказ Росстандарта от 16.05.2025 N 423-ст,,105558,,,,KSI190000307
,,,,BKC040,Сварщик на машинах контактной (прессовой) сварки,,Приказ Росстандарта от 16.05.2025 N 423-ст,,104610,,,,KSI190000308
,,,,BKC050,Сварщик пластмасс,,Приказ Минтруда России от 28.11.2013 N 701н,,,,,,KSI190000501
,,,,BKC060,Сварщик термитной сварки,,Приказ Минтруда России от 28.11.2013 N 701н,,,,,,KSI190000502
,,,,BKC070,Сварщик частично механизированной сварки плавлением,,Приказ Минтруда России от 28.11.2013 N 701н,,,,,,KSI190000503
,,,,BKC080,Электросварщик на автоматических и полуавтоматических машинах,,Приказ Минтруда России от 28.11.2013 N 701н,,,,,,KSI190000504
,,BKD,,,Контролер сварочных работ,,Приказ Росстандарта от 16.05.2025 N 423-ст,,101737,,,,KSI190000309
,,BKE,,,Паяльщик по свинцу (свинцовопаяльщик),,Приказ Росстандарта от 16.05.2025 N 423-ст,,103638,,,,KSI190000310
,,BKF,,,Водолаз по сварке и резке под водой,,Приказ Минтруда России от 19.07.2022 N 421н,,,,,,KSI190000505
,,BKG,,,Электрогазосварщик-врезчик,,Распоряжение РЖД от 30.01.2023 № 170р,,,,,,KSI190000506
,BL,,,,Кессонщик,,Приказ Росстандарта от 16.05.2025 N 423-ст,По специализации,,,,,KSI190000311
,,BLA,,,Кессонщик-аппаратчик,,Приказ Росстандарта от 16.05.2025 N 423-ст,,101553,,,,KSI190000312
,,BLB,,,Кессонщик-проходчик,,Приказ Росстандарта от 16.05.2025 N 423-ст,,101554,,,,KSI190000313
,,BLC,,,Кессонщик-слесарь,,Приказ Росстандарта от 16.05.2025 N 423-ст,,101555,,,,KSI190000314
,,BLD,,,Кессонщик-электромонтажник,,Приказ Росстандарта от 16.05.2025 N 423-ст,,101556,,,,KSI190000315
,BM,,,,Плотник,,Приказ Росстандарта от 16.05.2025 N 423-ст,,103756,,,,KSI190000316
,BN,,,,Рабочий занятый на электромонтажных работах,,Единый тарифно-квалификационный справочник работ и профессий рабочих,По специализации,,,,,KSI190000317
,,BNA,,,Электромонтер,,Единый тарифно-квалификационный справочник работ и профессий рабочих,,,,,,KSI190000318
,,,,BNA010,Электромонтер диспетчерского оборудования и телеавтоматики,,Приказ Росстандарта от 16.05.2025 N 423-ст,,105508,,,,KSI190000319
,,,,BNA020,Электромонтер по обслуживанию электрооборудования,,Приказ Росстандарта от 16.05.2025 N 423-ст,,105524,,,,KSI190000320
,,,,BNA030,Электромонтер по ремонту и обслуживанию электрооборудования,,Приказ Росстандарта от 16.05.2025 N 423-ст,,105534,,,,KSI190000321
,,,,BNA040,Электромонтер по ремонту электрооборудования,,Приказ Росстандарта от 16.05.2025 N 423-ст,,105537,,,,KSI190000322
,,BNB,,,Электромонтажник,,Единый тарифно-квалификационный справочник работ и профессий рабочих,,,,,,KSI190000323
,,,,BNB010,Электромонтажник-наладчик,,Приказ Росстандарта от 16.05.2025 N 423-ст,,105505,,,,KSI190000324
,,,,BNB020,Электромонтажник по аккумуляторным батареям,,Приказ Росстандарта от 16.05.2025 N 423-ст,,105497,,,,KSI190000325
,,,,BNB030,Электромонтажник по кабельным сетям,,Приказ Росстандарта от 16.05.2025 N 423-ст,,105498,,,,KSI190000326
,,,,BNB040,Электромонтажник по освещению и осветительным сетям,,Приказ Росстандарта от 16.05.2025 N 423-ст,,105499,,,,KSI190000327
,,,,BNB050,Электромонтажник по распределительным устройствам и вторичным цепям,,Приказ Росстандарта от 16.05.2025 N 423-ст,,105500,,,,KSI190000328
,,,,BNB060,"Электромонтажник по сигнализации, централизации и блокировке",,Приказ Росстандарта от 16.05.2025 N 423-ст,,105501,,,,KSI190000329
,,,,BNB070,Электромонтажник по силовым сетям и электрооборудованию,,Приказ Росстандарта от 16.05.2025 N 423-ст,,105502,,,,KSI190000330
,,,,BNB080,Электромонтажник по электрическим машинам,,Приказ Росстандарта от 16.05.2025 N 423-ст,,105503,,,,KSI190000331
,,,,BNB090,Электромонтер-линейщик по монтажу воздушных линий высокого напряжения и контактной сети,,Приказ Росстандарта от 16.05.2025 N 423-ст,,105549,,,,KSI190000332
,BP,,,,Электромеханик,,Единый тарифно-квалификационный справочник работ и профессий рабочих,По специализации,,,,,KSI190000333
,,BPA,,,Электромеханик по лифтам,,Приказ Росстандарта от 16.05.2025 N 423-ст,,105481,,,,KSI190000334
,,BPB,,,Электромеханик по эксплуатации и обслуживанию подъемных платформ для инвалидов,,"Единый тарифно-квалификационный справочник работ и профессий рабочих
Приказ Минтруда России от 23.08.2018 N 548н",,,,,,KSI190000335
,,BPC,,,"Электромеханик по эксплуатации, техническому обслуживанию и ремонту эскалаторов и пассажирских конвейеров",,"Единый тарифно-квалификационный справочник работ и профессий рабочих
Приказ Минтруда России от 14.04.2025 N 240н",,,,,,KSI190000336
,,BPD,,,Электромеханики устройств (систем) железнодорожного транспорта,,"Приказ Росстандарта от 16.05.2025 N 423-ст 
Распоряжение РЖД от 30.01.2023 № 170р",,,,,,KSI190000511
,,,,BPD010,Электромеханик линейного отдела,,"Приказ Росстандарта от 16.05.2025 N 423-ст 
Распоряжение РЖД от 30.01.2023 № 170р",,,,,,KSI190000512
,,,,BPD020,"Электромеханик по обслуживанию устройств сигнализации, централизации и блокировки",,"Приказ Росстандарта от 16.05.2025 N 423-ст 
Распоряжение РЖД от 30.01.2023 № 170р",,,,,,KSI190000513
,,,,BPD030,Электромеханик района контактной сети,,"Приказ Росстандарта от 16.05.2025 N 423-ст 
Распоряжение РЖД от 30.01.2023 № 170р",,,,,,KSI190000514
,,,,BPD040,Электромеханик района электроснабжения,,"Приказ Росстандарта от 16.05.2025 N 423-ст 
Распоряжение РЖД от 30.01.2023 № 170р",,,,,,KSI190000515
,,,,BPD050,Электромеханик ремонтно-ревизионного участка,,"Приказ Росстандарта от 16.05.2025 N 423-ст 
Распоряжение РЖД от 30.01.2023 № 170р",,,,,,KSI190000516
,,,,BPD060,Электромеханик электротехнической лаборатории,,"Приказ Росстандарта от 16.05.2025 N 423-ст 
Распоряжение РЖД от 30.01.2023 № 170р",,,,,,KSI190000517
,,BPE,,,Электромеханики устройств (систем) железнодорожного подвижного состава,,"Приказ Минтруда России от 02.04.2024 N 165н 
Распоряжение РЖД от 30.01.2023 № 170р",,,,,,KSI190000518
,,,,BPE010,Электромеханик устройств (систем) безопасности и средств радиосвязи железнодорожного подвижного состава,,Приказ Минтруда России от 02.04.2024 N 165н ,,,,,,KSI190000519
,,,,BPE020,Электромеханик поездной железнодорожного транспорта,,Приказ Минтруда России от 02.04.2024 N 165н ,,,,,,KSI190000520
,,,,BPE030,Электромеханик тяговой подстанции,,Распоряжение РЖД от 30.01.2023 № 170р,,,,,,KSI190000521
,BQ,,,,Рабочий дорожного строительства,,,По специализации,,,,,KSI190000337
,,BQA,,,Асфальтобетонщик ,,Приказ Росстандарта от 16.05.2025 N 423-ст,,100637,,,,KSI190000338
,,BQB,,,Асфальтобетонщик-варильщик,,Приказ Росстандарта от 16.05.2025 N 423-ст,,100638,,,,KSI190000339
,,BQC,,,Дорожный рабочий,,Приказ Росстандарта от 16.05.2025 N 423-ст,,101088,,,,KSI190000340
,,BQD,,,Мостовщик,,Приказ Росстандарта от 16.05.2025 N 423-ст,,102694,,,,KSI190000341
,,BQE,,,Рабочие железнодорожной инфраструктуры,,"Приказ Минтруда России от 09.08.2022 N 475н
Приказ Минтруда России от 1 .03.2023 г. N 115н
Приказ Минтруда России от 20.12.2022 г. N 797н
Приказ Минтруда России от 16.03.2018 N 147н
Приказ Минтруда России от 11.03.2024 N 96н 
Приказ Минтруда России от 06.04.2021 N 217н
Приказ Минтруда России от 02.04.2024 N 168н
Распоряжение РЖД от 30.01.2023 № 170р
Приказ Минтруда России от 01.04.2024 N 163н 
Приказ Минтруда России от 18.10.2022 г. N 673н
Приказ Минтруда России от 02.04.2024 N 167н Приказ Минтруда России от 11.03.2024 N 95н
Приказ Минтруда России от 16.04.2024 N 211н",,,,,,KSI190000522
,,,,BQE010,Бандажник,,Приказ Минтруда России от 09.08.2022 N 475н,,,,,,KSI190000523
,,,,BQE020,Контролер состояния железнодорожного пути,,Приказ Минтруда России от 1.03.2023 г. N 115н,,,,,,KSI190000524
,,,,BQE030,Контролер состояния искусственных сооружений железнодорожного транспорта,,Приказ Минтруда России от 1.03.2023 г. N 115н,,,,,,KSI190000525
,,,,BQE040,Контролер состояния объектов железнодорожной инфраструктуры,,Приказ Минтруда России от 1.03.2023 г. N 115н,,,,,,KSI190000526
,,,,BQE050,Монтер пути,,Приказ Минтруда России от 20.12.2022 г. N 797н,,,,,,KSI190000527
,,,,BQE060,Монтер железнодорожной инфраструктуры на малоинтенсивных железнодорожных участках,,Приказ Минтруда России от 16.03.2018 N 147н,,,,,,KSI190000528
,,,,BQE070,Обходчик пути и искусственных сооружений,,Приказ Минтруда России от 1.03.2023 г. N 115н,,,,,,KSI190000529
,,,,BQE080,Осмотрщик вагонов,,Приказ Минтруда России от 20.12.2022 г. N 797н,,,,,,KSI190000530
,,,,BQE090,Осмотрщик-ремонтник вагонов,,Приказ Минтруда России от 11.03.2024 N 96н,,,,,,KSI190000531
,,,,BQE100,Прессовщик колесных пар подвижного состава,,Приказ Минтруда России от 06.04.2021 N 217н,,,,,,KSI190000532
,,,,BQE110,Рабочий по обслуживанию локомотива,,Приказ Минтруда России от 02.04.2024 N 168н,,,,,,KSI190000533
,,,,BQE120,Рабочий тоннельный,,Приказ Минтруда России от 01.04.2024 N 163н ,,,,,,KSI190000534
,,,,BQE130,Ремонтник искусственных сооружений,,Приказ Минтруда России от 01.04.2024 N 163н ,,,,,,KSI190000535
,,,,BQE140,Дежурный по переезду,, Приказа Минтруда России от 18.10.2022 N 671н,,,,,,KSI190000536
,,,,BQE150,Дежурный стрелочного поста,,Приказ Минтруда России от 4.10.2022 г. N 619н,,,,,,KSI190000537
,,,,BQE160,Кондуктор,,Распоряжение РЖД от 30.01.2023 № 170р,,,,,,KSI190000538
,,,,BQE170,Кондуктор грузовых поездов,,Приказ Минтруда России от 18.10.2022 г. N 673н,,,,,,KSI190000539
,,,,BQE180,Приемосдатчик груза и багажа в поездах,,Приказ Минтруда России от 02.04.2024 N 167н,,,,,,KSI190000540
,,,,BQE190,Приемщик поездов,,Приказ Минтруда России от 02.04.2024 N 167н,,,,,,KSI190000541
,,,,BQE200,Регулировщик скорости движения вагонов,,Приказ Минтруда России от 11.03.2024 N 95н,,,,,,KSI190000542
,,,,BQE210,Сигналист,,Приказ Минтруда России от 17.03.2022 N 136н,,,,,,KSI190000543
,,,,BQE220,Составитель поездов,,Приказ Минтруда России от 18.10.2022 г. N 673н,,,,,,KSI190000544
,,,,BQE230,Помощник составителя поездов,,Распоряжение РЖД от 30.01.2023 № 170р,,,,,,KSI190000545
,,,,BQE240,Механизатор (докер-механизатор) комплексной бригады на погрузочно-разгрузочных работах,,Приказ Минтруда России от 05.07.2022 N 395н,,,,,,KSI190000546
,,,,BQE250,Раздатчик нефтепродуктов,,Приказ Минтруда России от 16.04.2024 N 211н,,,,,,KSI190000547
,,,,BQE260,Сливщик-разливщик по снабжению нефтепродуктами,,Приказ Минтруда России от 16.04.2024 N 211н,,,,,,KSI190000548
,,,,BQE270,Экипировщик транспортных средств нефтепродуктами,,Приказ Минтруда России от 16.04.2024 N 211н,,,,,,KSI190000549
,,,,BQE280,Кочегар паровозов в депо,,Приказ Минтруда России от 02.04.2024 N 168н,,,,,,KSI190000550
,,,,BQE290,Вызывальщик локомотивных и поездных бригад,,Распоряжение РЖД от 30.01.2023 № 170р,,,,,,KSI190000551
,,,,BQE300,Токарь (по обточке бандажей колесных пар),,Распоряжение РЖД от 30.01.2023 № 170р,,,,,,KSI190000552
,,,,BQE310,Промывальщик котлов паровозов,,Распоряжение РЖД от 30.01.2023 № 170р,,,,,,KSI190000553
,,BQF,,,Бригадиры железнодорожной инфраструктуры,,Приказ Минтруда России от 12.02.2018 N 76н,,,,,,KSI190000554
,,,,BQF010,Бригадир (освобожденный) по обслуживанию и ремонту устройств железнодорожной инфраструктуры,,Приказ Минтруда России от 12.02.2018 N 76н,,,,,,KSI190000555
,,,,BQF020,Бригадир (освобожденный) по текущему содержанию и ремонту пути и искусственных сооружений,,Приказ Минтруда России от 31.07.2020 N 461н,,,,,,KSI190000556
,,,,BQF030,Бригадир (освобожденный) предприятий железнодорожного транспорта,,Приказ Минтруда России от 31.07.2020 N 462н,,,,,,KSI190000557
,,BQG,,,Рабочие пассажирского городского рельсового транспорта,,Приказ Минтруда России от 20.03.2023 N 184н,,,,,,KSI190000558
,,,,BQG010,Монтер пути метрополитена,,Приказ Минтруда России от 20.03.2023 N 184н,,,,,,KSI190000559
,,,,BQG020,Монтер трамвайных путей,,Приказ Минтруда России от 01.03.2023 N 120н,,,,,,KSI190000560
,,,,BQG030,Тоннельный рабочий метрополитена,,Приказ Минтруда России от 14.09.2022 N 530н,,,,,,KSI190000561
,,BQH,,,Бригадиры пассажирского городского рельсового транспорта,,Приказ Минтруда России от 20.03.2023 N 184н,,,,,,KSI190000562
,,,,BQH010,Бригадир (освобожденный) по комплексному обслуживанию пути и контактного рельса метрополитена,,Приказ Минтруда России от 20.03.2023 N 184н,,,,,,KSI190000563
,,,,BQH020,Бригадир (освобожденный) по комплексному обслуживанию трамвайных путей,,Приказ Минтруда России от 01.03.2023 N 120н,,,,,,KSI190000564
,BR,,,,Слесарь,,,По специализации,,,,,KSI190000342
,,BRA,,,"Слесарь по изготовлению деталей и узлов систем вентиляции, кондиционирования воздуха, пневмотранспорта и аспирации",,Приказ Росстандарта от 16.05.2025 N 423-ст,,104680,,,,KSI190000343
,,BRB,,,Слесарь по изготовлению узлов и деталей санитарно-технических систем,,Приказ Росстандарта от 16.05.2025 N 423-ст,,104683,,,,KSI190000344
,,BRC,,,Слесарь по изготовлению узлов и деталей технологических трубопроводов,,Приказ Росстандарта от 16.05.2025 N 423-ст,,104684,,,,KSI190000345
,,BRD,,,Слесарь строительный,,Приказ Росстандарта от 16.05.2025 N 423-ст,,104729,,,,KSI190000346
,,BRE,,,Электрослесарь строительный,,Приказ Росстандарта от 16.05.2025 N 423-ст,,105570,,,,KSI190000347
,,BRF,,,Электрослесарь на проходке,,Приказ Росстандарта от 16.05.2025 N 423-ст,,105560,,,,KSI190000348
,,BRG,,,Электрослесарь-монтажник подземного горнопроходческого оборудования,,Приказ Росстандарта от 16.05.2025 N 423-ст,,105572,,,,KSI190000349
,BS,,,,Наладчик,,,По специализации,,,,,KSI190000350
,,BSA,,,"Наладчик приборов, аппаратуры и систем автоматического контроля, регулирования и управления (Наладчик КИП и автоматики)",,Приказ Росстандарта от 16.05.2025 N 423-ст,,102834,,,,KSI190000351
,,BSB,,,Наладчик строительных машин,,Приказ Росстандарта от 16.05.2025 N 423-ст,,102842,,,,KSI190000352
,,BSC,,,Наладчик сварочного и газоплазморезательного оборудования,,Приказ Росстандарта от 16.05.2025 N 423-ст,,102837,,,,KSI190000353
,,BSD,,,Наладчики железнодорожно-строительных машин и механизмов железнодорожного транспорта,,Приказ Минтруда России от 22.09.2020 г. N 638н,,,,,,KSI190000565
,,,,BSD010,Наладчик железнодорожно-строительных машин и механизмов,,Приказ Минтруда России от 22.09.2020 г. N 638н,,,,,,KSI190000566
,,BSE,,,Наладчики контрольно-измерительных вагонов железнодорожного транспорта,,Приказ Минтруда России от 23.07.2020 N 448н,,,,,,KSI190000567
,,,,BSE010,Наладчик контрольно-измерительных вагонов,,Приказ Минтруда России от 23.07.2020 N 448н,,,,,,KSI190000568
,,BSF,,,Наладчики подъемно-транспортных машин и механизмов,,Приказ Минтруда России от 15.04.2025 N 245н,,,,,,KSI190000569
,,,,BSF010,Наладчик электронного оборудования подъемных сооружений,,Приказ Минтруда России от 15.04.2025 N 245н,,,,,,KSI190000570
,BT,,,,Речной рабочий,,Приказ Росстандарта от 16.05.2025 N 423-ст,По специализации,,,,,KSI190000354
,,BTA,,,"Речной рабочий на подводно-технических, габионных и фашинных работах, выполняемых с поверхности",,Приказ Росстандарта от 16.05.2025 N 423-ст,,104482,,,,KSI190000355
,,BTB,,,Речной рабочий на эксплуатации и обслуживании несамоходных плавучих снарядов и других плавучих средств,,Приказ Росстандарта от 16.05.2025 N 423-ст,,104483,,,,KSI190000356
,BU,,,,Трубоклад,,Приказ Росстандарта от 16.05.2025 N 423-ст,По специализации,,,,,KSI190000357
,,BUA,,,Трубоклад промышленных железобетонных труб,,Приказ Росстандарта от 16.05.2025 N 423-ст,,105134,,,,KSI190000358
,,BUB,,,Трубоклад промышленных кирпичных труб,,Приказ Росстандарта от 16.05.2025 N 423-ст,,105135,,,,KSI190000359
,BV,,,,"Комплектовщик строительных материалов, изделий и оборудования",,"Приказ Росстандарта от 16.05.2025 N 423-ст
Приказ Минздравсоцразвития РФ от 06.04.2007 N 243",,101635,,,,KSI190000360
,BW,,,,Рабочий по комплексному обслуживанию и ремонту зданий,,Приказ Росстандарта от 16.05.2025 N 423-ст,,104198,,,,KSI190000361
,BX,,,,Промышленный альпинист,,Приказ Росстандарта от 16.05.2025 N 423-ст,,104131,,,,KSI190000362
,BY,,,,Столяр,,Приказ Росстандарта от 16.05.2025 N 423-ст,По специализации,104935,,,,KSI190000363
,,BYA,,,Столяр строительный,,Приказ Росстандарта от 16.05.2025 N 423-ст,,104938,,,,KSI190000364
,BZ,,,,Подсобный рабочий,,Приказ Росстандарта от 16.05.2025 N 423-ст,,103804,,,,KSI190000365
C,,,,,Роли,,,По виду участника градостроительных отношений,,,,,KSI190000366
,CA,,,,Застройщик,,Градостроительный кодекс Российской Федерации от 29.12.2004 № 190-ФЗ,,,,,,KSI190000367
,CB,,,,Технический заказчик,,Градостроительный кодекс Российской Федерации от 29.12.2004 № 190-ФЗ,,,,,,KSI190000368
,CC,,,,Инвестор,,Градостроительный кодекс Российской Федерации от 29.12.2004 № 190-ФЗ,,,,,,KSI190000369
,CD,,,,Кредитная организация,,Федеральный закон от 02.12.1990 N 395-1,По виду организации,,,,,KSI190000370
,,CDA,,,Банк,,Федеральный закон от 02.12.1990 N 395-1,,,,,,KSI190000371
,,CDB,,,Небанковская кредитная организация,,Федеральный закон от 02.12.1990 N 395-1,,,,,,KSI190000372
,CE,,,,Саморегулируемая организация,,Градостроительный кодекс Российской Федерации от 29.12.2004 № 190-ФЗ,,,,,,KSI190000373
,CF,,,,Проектировщик,,МДС 80-16.2000,,,,,,KSI190000374
,CG,,,,Субъект градостроительных отношений,,Градостроительный кодекс Российской Федерации от 29.12.2004 № 190-ФЗ,По уровню субъекта,,,,,KSI190000375
,,CGD,,,Физическое лицо,,Гражданский кодекс Российской Федерации (часть первая) от 30.11.1994 № 51-ФЗ,,,,,,KSI190000376
,,CGE,,,Юридическое лицо,,Гражданский кодекс Российской Федерации (часть первая) от 30.11.1994 № 51-ФЗ,,,,,,KSI190000377
,CH,,,,Орган строительного надзора,,Градостроительный кодекс Российской Федерации от 29.12.2004 № 190-ФЗ,,,,,,KSI190000378
,,,,CH010,Орган федерального государственного строительного надзора,,Градостроительный кодекс Российской Федерации от 29.12.2004 № 190-ФЗ,,,,,,KSI190000379
,,,,CH020,Орган государственного строительного надзора,,Градостроительный кодекс Российской Федерации от 29.12.2004 № 190-ФЗ,,,,,,KSI190000380
,CJ,,,,Орган экспертизы,,Постановление Правительства РФ от 05.03.2007 N 145,,,,,,KSI190000381
,,,,CJ010,Орган государственной экспертизы,,Постановление Правительства РФ от 05.03.2007 N 145,,,,,,KSI190000382
,,,,CJ020,Орган негосударственной экспертизы,,Постановление Правительства РФ от 31.05.2022 N 994,,,,,,KSI190000383
,CK,,,,"Лицо, осуществляющее строительный контроль",,Градостроительный кодекс Российской Федерации от 29.12.2004 № 190-ФЗ,,,,,,KSI190000384
,CL,,,,Генеральный подрядчик,,Гражданский кодекс Российской Федерации (часть вторая) от 26.01.1996 № 14-ФЗ,,,,,,KSI190000385
,CM,,,,Субподрядчик,,Гражданский кодекс Российской Федерации (часть вторая) от 26.01.1996 № 14-ФЗ,,,,,,KSI190000386
,CN,,,,Региональный оператор,,Федеральный закон от 24.06.1998 № 89-ФЗ ,,,,,,KSI190000387
,CP,,,,Производитель,"Человек или организация, изготовляющие материалы, продукцию, компоненты или другие товары вне строительной площадки",ГОСТ Р ИСО 6707-1-2020,,,,,,KSI190000388
,CQ,,,,Изготовитель,,Закон РФ от 07.02.1992 N 2300-1,,,,,,KSI190000389
,CR,,,,Поставщик,,Федеральный закон от 05.04.2013 № 44-ФЗ ,,,,,,KSI190000390
D,,,,,Органы власти,,,,,,,,KSI190000391
,DL,,,,Федеральные органы исполнительной власти,,,,,,,,KSI190000392
,,,,DL010,Российская Федерация,,Конституция Российской Федерации от 12.12.1993,,,,,,KSI190000393
,,,,DL020,Президент Российской Федерации,,Конституция Российской Федерации от 12.12.1993,,,,,,KSI190000394
,,,,DL030,Государственная Дума Федерального Собрания Российской Федерации,,Конституция Российской Федерации от 12.12.1993,,,,,,KSI190000395
,,,,DL040,Совет Федерации Федерального Собрания Российской Федерации,,Конституция Российской Федерации от 12.12.1993,,,,,,KSI190000396
,,,,DL050,Правительство Российской Федерации,,Федеральный конституционный закон от 06.11.2020 N 4-ФКЗ,,,,,,KSI190000397
,,,,DL060,"Федеральные министерства, подведомственные им агентства, службы, надзоры",,Указ Президента РФ от 21.01.2020 N 21,,,,,,KSI190000398
,,,,DL070,Федеральные службы и агентства,,Указ Президента РФ от 21.01.2020 N 21,,,,,,KSI190000399
,,,,DL080,"Государственные корпорации, являющиеся уполномоченными органами управления в отдельных отраслях",,Указ Президента РФ от 21.01.2020 N 21,,,,,,KSI190000400
,,,,DL090,Государственные внебюджетные фонды,,Указ Президента РФ от 21.01.2020 N 21,,,,,,KSI190000401
,,,,DL100, Законодательный (представительный) орган государственной власти субъекта Российской Федерации,,Федеральный закон от 21.12.2021 N 414-ФЗ,,,,,,KSI190000402
,DM,,,,Органы местного самоуправления,,,,,,,,KSI190000403
,,,,DM010,Высший исполнительный орган субъекта Российской Федерации,,Федеральный закон от 21.12.2021 N 414-ФЗ,,,,,,KSI190000404
,,,,DM020,Органы исполнительной власти субъекта Российской Федерации,,Федеральный закон от 21.12.2021 N 414-ФЗ,,,,,,KSI190000405
,,,,DM030,Представительный орган муниципального образования,,Федеральный закон от 21.12.2021 N 414-ФЗ,,,,,,KSI190000406
,,,,DM040,Глава муниципального образования,,Федеральный закон от 06.10.2003 № 131-ФЗ,,,,,,KSI190000407
,,,,DM050,Местная администрация (исполнительно-распорядительный орган муниципального образования),,Федеральный закон от 06.10.2003 № 131-ФЗ,,,,,,KSI190000408
,,,,DM060,Иные органы местного самоуправления,,Федеральный закон от 06.10.2003 № 131-ФЗ,,,,,,KSI190000409
E,,,,,Коммерческая организация,,Гражданский кодекс Российской Федерации (часть первая) от 30.11.1994 № 51-ФЗ ,По виду коммерческого объединения,,,,,KSI190000410
,EA,,,,Потребительский кооператив,,Гражданский кодекс Российской Федерации (часть первая) от 30.11.1994 № 51-ФЗ,,,,,,KSI190000411
,,,,EA010,Жилищный кооператив,,Жилищный кодекс Российской Федерации от 29.12.2004 № 188-ФЗ,,,,,,KSI190000412
,,,,EA020,Жилищно-строительный кооператив,,Жилищный кодекс Российской Федерации от 29.12.2004 № 188-ФЗ,,,,,,KSI190000413
,EB,,,,Ассоциация,,Гражданский кодекс Российской Федерации (часть первая) от 30.11.1994 № 51-ФЗ,,,,,,KSI190000414
,EC,,,,Товарищество собственников недвижимости,,Гражданский кодекс Российской Федерации (часть первая) от 30.11.1994 № 51-ФЗ,,,,,,KSI190000415
,ED,,,,Общество с ограниченной ответственностью,,"Федеральный закон от 08.02.1998
№ 14-ФЗ",,,,,,KSI190000416
,EE,,,,Акционерное общество,,"Федеральный закон от 26.12.1995
№ 208-ФЗ",,,,,,KSI190000417
,,,,EE010,Публичное акционерное общество (ПАО),,Гражданский кодекс Российской Федерации (часть первая) от 30.11.1994 № 51-ФЗ,,,,,,KSI190000418
,EF,,,,Производственный кооператив (артель),,"Федеральный закон от 08.05.1996
№ 41-ФЗ 
",,,,,,KSI190000419
,EG,,,,Корпорация,,Гражданский кодекс Российской Федерации (часть первая) от 30.11.1994 № 51-ФЗ,,,,,,KSI190000420
,EH,,,,Союз,,Гражданский кодекс Российской Федерации (часть первая) от 30.11.1994 № 51-ФЗ,,,,,,KSI190000421
F,,,,,Унитарное предприятие,,Федеральный закон от 14.11.2002 № 161-ФЗ,,,,,,KSI190000422
,,,,F010,Федеральное государственное унитарное предприятие,,Федеральный закон от 14.11.2002 № 161-ФЗ,,,,,,KSI190000423
,,,,F020,Государственное унитарное предприятие,,Федеральный закон от 14.11.2002 № 161-ФЗ,,,,,,KSI190000424
,,,,F030,Муниципальное унитарное предприятие,,Федеральный закон от 14.11.2002 № 161-ФЗ,,,,,,KSI190000425
,,,,F040,Федеральное казенное предприятие,,Федеральный закон от 14.11.2002 № 161-ФЗ,,,,,,KSI190000426
,,,,F050,Казенное предприятие субъекта Российской Федерации,,Федеральный закон от 14.11.2002 № 161-ФЗ,,,,,,KSI190000427
,,,,F060,Муниципальное казенное предприятие,,Федеральный закон от 14.11.2002 № 161-ФЗ,,,,,,KSI190000428
G,,,,,Индивидуальный предприниматель,,Гражданский кодекс Российской Федерации (часть первая) от 30.11.1994 № 51-ФЗ,,,,,,KSI190000429
H,,,,,Структурное подразделение,,,,,,,,KSI190000430
,HA,,,,Департамент организации,,Организация и управление в строительстве. Основные понятия и термины. Учебно-справочное пособие,,,,,,KSI190000431
,HB,,,,Управление организации,,Организация и управление в строительстве. Основные понятия и термины. Учебно-справочное пособие,,,,,,KSI190000432
,HC,,,,Служба организации,,Организация и управление в строительстве. Основные понятия и термины. Учебно-справочное пособие,,,,,,KSI190000433
,,HCA,,,Подсобно-вспомогательная служба,,СП 18.13330.2019,,,,,,KSI190000434
,HD,,,,Администрация организации,,Организация и управление в строительстве. Основные понятия и термины. Учебно-справочное пособие,,,,,,KSI190000435
,HE,,,,Совет организации,,Организация и управление в строительстве. Основные понятия и термины. Учебно-справочное пособие,,,,,,KSI190000436
,HF,,,,Отдел,,Организация и управление в строительстве. Основные понятия и термины. Учебно-справочное пособие,,,,,,KSI190000437
,HG,,,,Бюро,,Постановление Минтруда России от 21.08.1998 N 37,,,,,,KSI190000438
,HH,,,,Группа,,Постановление Минтруда России от 21.08.1998 N 37,,,,,,KSI190000439
,HJ,,,,Сектор,,Постановление Минтруда России от 21.08.1998 N 37,,,,,,KSI190000440
,HK,,,,Участок,,СП 59.13330.2020 ,,,,,,KSI190000441
,HL,,,,Бригада,,,,,,,,KSI190000442
,HM,,,,Звено,,,,,,,,KSI190000443